id,activePlayer,blockedShots,faceoffWinPctg,faceoffsLost,faceoffsTaken,faceoffsWon,firstName,firstSeasonForGameType,franchiseId,gameTypeId,gamesPlayed,giveaways,hits,lastName,lastSeasonForGameType,missedShots,playerId,positionCode,seasonsPlayed,shifts,takeaways,teamAbbrevs,timeOnIce
6386,True,266,,309,500,191,David,20072008,,2,1055,373,1292,Perron,20222023,791,8474102,L,16,23247,533,"STL,EDM,PIT,ANA,VGK,DET",1070991
7566,False,23,,254,500,246,Colby,20172018,,2,67,13,93,Cave,20192020,26,8477529,C,3,1107,26,"BOS,EDM",47581
6185,False,69,,285,501,216,Peter,20072008,,2,297,83,147,Mueller,20122013,250,8473526,C,5,5989,120,"PHX,COL,FLA",281341
7090,False,26,,268,501,233,Tyler,20142015,,2,84,9,77,Graovac,20202021,32,8476344,C,6,1136,30,"MIN,WSH,VAN",46953
6341,False,236,,308,503,195,Paul,20102011,,2,521,186,917,Byron,20212022,208,8474038,L,12,11045,244,"BUF,CGY,MTL",444987
4867,False,33,,281,506,225,Rickard,20022003,,2,60,14,35,Wallin,20092010,21,8467491,C,3,1014,31,TOR,45534
7129,True,36,,245,507,262,Andy,20142015,,2,188,37,314,Andreoff,20222023,72,8476404,C,8,2511,31,"LAK,PHI,NYI",104334
7391,True,128,,307,508,201,Vinnie,20152016,,2,360,131,242,Hinostroza,20222023,189,8476994,C,8,6448,155,"CHI,ARI,FLA,BUF",290163
5546,False,376,,291,511,220,Dustin,20032004,,2,1265,725,3632,Brown,20212022,1315,8470606,R,18,29355,477,LAK,1366949
7125,False,102,,288,520,232,Logan,20152016,,2,232,41,295,Shaw,20212022,103,8476400,R,5,3575,68,"FLA,ANA,MTL,WPG,OTT",146186
5620,False,177,,312,524,212,Clarke,20062007,,2,552,264,602,MacArthur,20162017,321,8470667,L,11,11153,183,"BUF,ATL,TOR,OTT",514877
7034,False,310,,312,526,214,Matt,20112012,,2,449,144,519,Read,20182019,342,8476177,R,8,9694,195,"PHI,MIN",440521
4605,False,29,,232,534,302,Trent,20002001,,2,50,12,34,Whitfield,20112012,18,8465056,C,8,808,15,"STL,BOS",34898
5430,False,290,,308,537,229,Eric,20052006,,2,593,131,1079,Nystrom,20152016,272,8470180,L,10,10761,169,"CGY,MIN,DAL,NSH",456317
7424,False,166,,316,542,226,Tim,20142015,,2,276,67,379,Schaller,20192020,119,8477213,L,6,4800,84,"BUF,BOS,VAN,LAK",196360
5464,False,410,,316,543,227,Chris,20032004,,2,709,180,760,Higgins,20152016,579,8470274,L,12,15562,415,"MTL,CGY,NYR,VAN,FLA",712162
17634,True,29,,302,543,241,Tommy,20212022,,2,78,20,13,Novak,20222023,40,8478438,C,2,1278,40,NSH,63945
4161,False,33,,283,546,263,Geoff,19901991,,2,176,135,57,Sanderson,20072008,111,8457921,L,17,3062,67,"CBJ,PHX,PHI,EDM",136950
5935,False,210,,325,549,224,Benoit,20062007,,2,625,261,689,Pouliot,20172018,377,8471678,L,12,12064,298,"MIN,MTL,BOS,TBL,NYR,EDM,BUF",511010
5822,False,102,,304,550,246,Tyler,20072008,,2,527,120,506,Kennedy,20152016,405,8471311,C,9,9113,179,"PIT,SJS,NYI,NJD",416728
7299,True,37,,273,551,278,Brendan,20152016,,2,153,34,228,Gaunce,20222023,64,8476867,C,7,2357,47,"VAN,BOS,CBJ",96950
4639,False,94,,315,552,237,Marcus,19981999,,2,180,45,48,Nilson,20072008,77,8465253,L,9,3513,79,CGY,139526
4753,False,31,,290,556,266,Serge,20002001,,2,76,11,29,Payer,20062007,24,8466421,C,4,1073,20,"FLA,OTT",44208
8344,True,82,,321,559,238,Philipp,20202021,,2,191,50,101,Kurashev,20222023,79,8480798,C,3,3462,84,CHI,167212
4709,False,252,,296,561,265,Jason,20002001,,2,977,316,1316,Chimera,20172018,538,8466251,L,17,19036,246,"CBJ,WSH,NYI,ANA",819276
7757,True,189,,324,563,239,Anthony,20162017,,2,490,246,490,Beauvillier,20222023,314,8478463,L,7,9590,189,"NYI,VAN",457062
6224,False,454,,319,569,250,Nikolay,20082009,,2,669,219,1012,Kulemin,20172018,451,8473579,L,10,14087,327,"TOR,NYI",613044
7507,True,58,,307,569,262,Laurent,20152016,,2,94,20,87,Dauphin,20222023,33,8477460,C,6,1541,39,"ARI,MTL",66235
7797,True,94,,347,571,224,Denis,20162017,,2,257,88,225,Malgin,20222023,130,8478843,C,5,4326,119,"FLA,TOR,COL",186991
5913,False,42,,309,573,264,Tim,20082009,,2,101,22,181,Sestito,20142015,25,8471636,L,7,1465,16,"EDM,NJD",59730
4359,False,89,,270,582,312,Miroslav,19951996,,2,346,186,122,Satan,20092010,298,8459534,R,14,7013,171,"NYI,PIT,BOS",369942
4392,False,108,,309,585,276,Petr,19951996,,2,409,192,83,Sykora,20112012,421,8460465,R,15,8077,110,"ANA,NYR,EDM,PIT,MIN,NJD",397945
5931,False,373,,360,589,229,Bobby,20072008,,2,866,463,1249,Ryan,20202021,838,8471676,R,14,18622,479,"ANA,OTT,DET",878285
6818,False,50,,311,590,279,Phil,20132014,,2,97,30,67,Varone,20182019,20,8475321,C,5,1319,17,"BUF,OTT,PHI",57477
5479,False,274,,384,593,209,Patrick,20082009,,2,416,86,728,Dwyer,20142015,246,8470302,R,7,8324,185,CAR,340829
6211,False,412,,346,598,252,Michael,20082009,,2,858,314,617,Frolik,20202021,626,8473564,R,13,17884,502,"FLA,CHI,WPG,CGY,BUF,MTL",796611
5016,False,113,,321,603,282,Sean,20012002,,2,417,181,679,Avery,20112012,374,8468224,L,10,7881,124,"LAK,NYR,DAL",353741
6325,False,29,,319,604,285,Jim,20102011,,2,77,19,80,O'Brien,20172018,29,8474024,C,5,1260,27,"OTT,NJD",51607
6725,True,317,,340,607,267,Chris,20122013,,2,733,412,1415,Kreider,20222023,722,8475184,L,11,15859,234,NYR,736371
4327,False,145,,340,614,274,Todd,19951996,,2,531,382,663,Bertuzzi,20132014,349,8459444,R,18,11519,182,"VAN,DET,FLA,ANA,CGY",534021
4620,False,104,,340,615,275,Dan,19992000,,2,223,28,413,Hinote,20082009,64,8465175,R,9,4198,56,"COL,STL",148923
4335,False,84,,407,618,211,David,20002001,,2,228,69,116,Vyborny,20072008,113,8459455,R,7,5549,127,CBJ,260711
4366,False,44,,308,619,311,Andreas,19992000,,2,111,16,47,Karlsson,20072008,26,8459571,C,5,1390,24,TBL,60370
6127,True,312,,381,620,239,Brad,20092010,,2,947,780,843,Marchand,20222023,793,8473419,L,14,21471,606,BOS,1018186
5718,False,33,,324,622,298,Darryl,20072008,,2,84,28,115,Boyce,20112012,30,8470986,C,3,1355,19,"TOR,CBJ",53775
4599,False,56,,322,628,306,Craig,19981999,,2,123,21,107,MacDonald,20082009,56,8465041,C,8,1934,38,"CGY,CHI,TBL,CBJ",79718
6054,False,62,,398,628,230,Tim,20082009,,2,162,57,236,Kennedy,20132014,52,8471842,L,6,2733,67,"BUF,FLA,SJS,PHX",119755
7164,True,250,,359,629,270,Brandon,20112012,,2,781,273,386,Saad,20222023,599,8476438,L,12,17302,407,"CHI,CBJ,COL,STL",786219
7933,True,68,,318,630,312,Sheldon,20182019,,2,122,27,181,Dries,20222023,59,8480326,C,5,1870,14,"COL,VAN",75627
4104,False,19,,332,634,302,Pierre,19871988,,2,79,37,19,Turgeon,20062007,26,8451991,C,19,1422,33,COL,57927
6156,True,342,,344,634,290,Milan,20072008,,2,1173,643,3263,Lucic,20222023,840,8473473,L,16,22056,393,"BOS,LAK,EDM,CGY",1056732
6763,True,441,,334,636,302,Marcus,20112012,,2,743,222,2182,Foligno,20222023,345,8475220,L,12,13676,304,"BUF,MIN",634718
17660,True,72,,352,636,284,Connor,20212022,,2,116,16,172,Dewar,20222023,52,8480980,C,2,1674,27,MIN,74057
6784,False,26,,326,648,322,Michael,20132014,,2,113,17,163,Latta,20152016,20,8475247,C,3,1304,26,WSH,55369
4731,False,46,,305,650,345,Mark,20002001,,2,175,70,149,Smith,20072008,65,8466343,C,7,2528,54,"SJS,CGY",102684
5760,False,137,,340,652,312,Wojtek,20052006,,2,451,229,271,Wolski,20122013,271,8471234,L,8,9282,232,"COL,PHX,NYR,FLA,WSH",436711
6794,False,37,,372,652,280,Roman,20112012,,2,84,16,46,Horak,20132014,28,8475264,C,3,1317,26,"CGY,EDM",56450
8174,True,19,,318,659,341,Mitchell,20192020,,2,72,11,65,Stephens,20212022,34,8478477,C,3,1169,12,"TBL,DET",46676
7440,False,312,,335,665,330,Michael,20132014,,2,590,189,982,Raffl,20212022,313,8477290,L,9,11477,213,"PHI,WSH,DAL",472442
4979,False,225,,390,671,281,Martin,20012002,,2,698,397,526,Erat,20142015,458,8468064,R,13,15936,369,"NSH,WSH,PHX,ARI",725651
5833,False,108,,414,671,257,Kevin,20082009,,2,249,64,394,Porter,20162017,100,8471331,C,8,4164,87,"PHX,COL,BUF,PIT",188784
6664,False,55,,360,671,311,Jordan,20122013,,2,165,30,112,Schroeder,20172018,61,8475147,C,6,2448,51,"VAN,MIN,CBJ",105627
7842,True,32,,398,673,275,Henrik,20172018,,2,111,36,39,Borgstrom,20222023,37,8479404,C,5,1804,48,"FLA,CHI,WSH",75328
7878,True,93,,385,676,291,Martin,20172018,,2,285,233,225,Necas,20222023,260,8480039,C,6,5734,127,CAR,280360
6030,False,64,,368,684,316,Blair,20062007,,2,132,32,154,Jones,20142015,48,8471767,C,8,1817,46,"TBL,CGY,PHI",77015
7467,True,211,,423,686,263,Mattias,20152016,,2,486,207,134,Janmark,20222023,242,8477406,C,7,10080,187,"DAL,VGK,CHI,EDM",445842
4892,False,21,,330,688,358,John,20032004,,2,114,40,100,Pohl,20072008,63,8467565,C,4,1699,22,TOR,69819
6474,False,113,,374,689,315,Ville,20082009,,2,286,97,129,Leino,20132014,153,8474551,L,6,5347,111,"DET,PHI,BUF",256575
5165,False,49,,310,693,383,Warren,20082009,,2,96,12,148,Peters,20112012,44,8468887,C,4,1426,33,"CGY,DAL,MIN",54139
4530,False,47,,331,694,363,Clarke,19981999,,2,60,15,72,Wilm,20052006,23,8462182,C,7,1028,18,TOR,42428
6382,False,421,,392,695,303,Colton,20102011,,2,535,191,645,Sceviour,20212022,292,8474098,C,11,9657,194,"DAL,FLA,PIT,EDM",408213
7370,True,78,,392,699,307,Dominic,20172018,,2,169,29,183,Toninato,20222023,47,8476952,C,6,2213,33,"COL,FLA,WPG",91787
7905,False,81,,360,700,340,Par,20182019,,2,106,25,81,Lindholm,20202021,58,8480944,C,3,1785,44,"WPG,TOR,BOS",72014
6268,False,56,,394,702,308,Paul,20082009,,2,92,14,82,Szczechura,20112012,46,8473898,C,3,1852,37,"TBL,BUF",72221
5078,False,203,,402,703,301,Andy,20012002,,2,269,88,156,Hilbert,20092010,181,8468517,L,8,4971,159,"CHI,PIT,NYI,MIN",216575
5756,False,339,,435,707,272,Lauri,20082009,,2,609,133,851,Korpikoski,20162017,351,8471232,L,9,12303,176,"NYR,PHX,ARI,EDM,CBJ,DAL",527423
5232,False,370,,335,708,373,Chris,20052006,,2,801,120,1285,Thorburn,20182019,221,8469501,R,14,11043,171,"BUF,PIT,ATL,WPG,STL",445612
4741,False,418,,412,709,297,Martin,19981999,,2,770,619,252,St. Louis,20142015,853,8466378,R,16,19280,614,"TBL,NYR",1001937
17897,True,47,,304,710,406,Mark,20212022,,2,81,20,205,Kastelic,20222023,35,8480355,C,2,1259,28,OTT,43499
6991,True,313,,409,711,302,Brendan,20122013,,2,675,208,629,Gallagher,20222023,685,8475848,R,11,14397,331,MTL,640191
7135,False,45,,379,713,334,Alan,20152016,,2,106,32,132,Quine,20192020,32,8476409,C,5,1724,28,"NYI,CGY",75447
8112,False,57,,403,714,311,Gaetan,20192020,,2,92,32,89,Haas,20202021,29,8481813,C,2,1367,31,EDM,56902
6816,True,337,,374,715,341,Anders,20122013,,2,678,256,1118,Lee,20222023,590,8475314,L,11,13749,206,NYI,665724
4194,False,72,,329,718,389,Martin,19911992,,2,234,54,311,Lapointe,20072008,92,8458524,R,16,4330,36,"CHI,OTT",180934
4184,False,16,,334,721,387,Eric,19921993,,2,82,48,126,Lindros,20062007,72,8458515,C,13,1637,38,"TOR,DAL",77522
7779,False,91,,390,722,332,Tanner,20152016,,2,134,33,106,Kero,20212022,41,8478528,C,5,2303,40,"CHI,DAL",94059
17481,True,43,,421,728,307,Mason,20212022,,2,89,32,63,McTavish,20222023,58,8482745,C,2,1665,31,ANA,80860
4146,False,85,,415,734,319,Vyacheslav,19911992,,2,382,276,141,Kozlov,20092010,298,8456887,L,18,7847,234,ATL,400644
4762,False,46,,397,738,341,Mark,19981999,,2,141,25,69,Mowers,20072008,51,8467323,R,7,2207,39,"DET,BOS,ANA",88296
8134,True,62,,471,738,267,Jesper,20192020,,2,189,72,133,Boqvist,20222023,92,8480003,C,4,3195,61,NJD,134592
17235,True,29,,420,738,318,Peyton,20202021,,2,135,64,122,Krebs,20222023,55,8481522,C,3,2467,35,"VGK,BUF",114058
5069,False,448,,419,742,323,Justin,20002001,,2,1006,754,637,Williams,20192020,1059,8468508,R,19,22173,478,"CAR,LAK,WSH",1048646
7608,False,84,,404,747,343,Dennis,20152016,,2,139,28,128,Rasmussen,20172018,31,8477929,C,3,2216,41,"CHI,ANA",86877
6946,True,239,,417,749,332,Zach,20152016,,2,500,182,631,Hyman,20222023,422,8475786,L,8,11573,228,"TOR,EDM",548871
17582,True,98,,476,755,279,Dawson,20212022,,2,164,88,62,Mercer,20222023,94,8482110,C,2,3507,78,NJD,162860
6933,True,314,,396,760,364,Jaden,20112012,,2,668,235,550,Schwartz,20222023,521,8475768,C,12,15569,454,"STL,SEA",709675
17088,True,54,,387,771,384,Rasmus,20202021,,2,130,31,155,Kupari,20222023,57,8480845,C,3,2037,26,LAK,85156
6951,True,436,,428,773,345,Taylor,20102011,,2,822,689,643,Hall,20222023,821,8475791,L,13,18492,558,"EDM,NJD,ARI,BUF,BOS",913048
4083,False,174,,418,776,358,Mark,19881989,,2,479,199,528,Recchi,20102011,275,8450725,R,22,10629,169,"CAR,PIT,ATL,TBL,BOS",517419
5594,False,89,,403,781,378,Dan,20032004,,2,237,45,183,Fritsche,20082009,110,8470639,C,5,4032,75,"CBJ,MIN,NYR",169109
6584,False,37,,465,787,322,Andrei,20092010,,2,155,54,52,Loktionov,20132014,89,8474681,C,5,2735,75,"LAK,NJD,CAR",123790
4515,False,75,,406,788,382,Alyn,19971998,,2,86,17,45,McCauley,20062007,36,8462105,C,9,1688,27,"SJS,LAK",70744
7596,True,93,,348,793,445,Patrick,20142015,,2,138,35,332,Brown,20222023,72,8477887,C,7,2350,24,"CAR,VGK,PHI,OTT",94438
5299,False,257,,461,796,335,David,20062007,,2,501,144,704,Moss,20142015,369,8469664,R,9,10203,173,"CGY,PHX,ARI",409279
6756,False,31,,434,806,372,Drew,20122013,,2,98,20,94,Shore,20202021,37,8475213,C,6,1786,32,"FLA,CGY,VAN,CAR",78860
6015,False,30,,443,809,366,T.J.,20072008,,2,112,36,21,Hensick,20102011,55,8471753,C,4,1883,48,"COL,STL",80575
5361,False,151,,465,812,347,Tomas,20052006,,2,657,237,332,Fleischmann,20152016,477,8470039,L,11,13490,334,"WSH,COL,FLA,ANA,CHI,MTL",617027
6285,False,244,,425,817,392,Darroll,20082009,,2,329,50,737,Powe,20132014,164,8473932,C,6,5645,96,"PHI,MIN,NYR",235325
6404,True,262,,510,833,323,Patrick,20072008,,2,1180,607,302,Kane,20222023,1210,8474141,R,16,27158,692,"CHI,NYR",1433927
6204,False,62,,438,834,396,Cory,20102011,,2,139,10,72,Emmerton,20132014,40,8473558,C,4,1841,30,DET,76319
4884,False,167,,462,841,379,Toby,20002001,,2,307,127,281,Petersen,20122013,120,8467543,C,9,4794,101,"EDM,DAL",200854
4321,False,27,,437,876,439,Jason,19931994,,2,66,70,76,Allison,20052006,42,8459439,C,11,1383,28,TOR,74024
7991,True,66,,441,880,439,Kevin,20182019,,2,125,30,72,Stenlund,20222023,60,8478831,C,5,2122,41,"CBJ,WPG",92617
7823,True,194,,502,892,390,Luke,20172018,,2,282,66,535,Kunin,20222023,205,8479316,C,6,5561,63,"MIN,NSH,SJS",248603
5766,False,39,,478,896,418,Rob,20062007,,2,114,68,56,Schremp,20102011,63,8471238,C,5,1894,82,"EDM,NYI,ATL",94712
5937,False,93,,454,905,451,Gilbert,20052006,,2,299,118,439,Brule,20132014,128,8471680,C,8,4676,75,"CBJ,EDM,PHX",212493
4834,False,324,,533,906,373,Brian,20012002,,2,860,304,592,Gionta,20172018,960,8467407,R,16,19697,398,"NJD,MTL,BUF,BOS",943608
5273,False,27,,486,907,421,Joel,20052006,,2,96,23,81,Perrault,20102011,50,8469584,C,6,1640,20,"PHX,STL,VAN",71327
4777,False,97,,469,912,443,Mike,20022003,,2,527,85,937,Rupp,20132014,157,8467336,L,11,6022,65,"CBJ,PHX,NJD,PIT,NYR,MIN",261322
6289,False,58,,471,919,448,Trevor,20082009,,2,107,14,147,Smith,20162017,35,8473942,C,6,1573,28,"NYI,TBL,PIT,TOR,NSH",71259
8034,True,79,,502,922,420,Ryan,20182019,,2,138,36,136,Poehling,20222023,61,8480068,C,4,2360,57,"MTL,PIT",96574
5897,False,94,,549,925,376,Adam,20102011,,2,210,38,361,Cracknell,20182019,101,8471490,R,9,3181,68,"STL,CBJ,VAN,EDM,DAL,NYR,ANA",128608
5179,False,33,,456,928,472,Alexander,20022003,,2,76,16,140,Svitov,20062007,33,8469456,C,3,1537,26,CBJ,62847
5553,True,743,,533,932,399,Zach,20052006,,2,1224,414,976,Parise,20222023,1103,8470610,L,18,27303,601,"NJD,MIN,NYI",1316902
17242,True,63,,572,932,360,Alex,20202021,,2,159,33,103,Newhook,20222023,63,8481618,C,3,2874,48,COL,131357
5605,False,151,,543,942,399,Patrick,20062007,,2,334,203,238,O'Sullivan,20112012,379,8470649,C,6,7195,137,"LAK,EDM,MIN,CAR,PHX",336878
18018,True,60,,538,943,405,Jack,20212022,,2,92,35,337,McBain,20222023,42,8480855,C,2,2007,28,ARI,77292
6311,False,165,,519,946,427,TJ,20082009,,2,321,99,400,Galiardi,20142015,232,8474001,L,7,6629,190,"COL,SJS,CGY,WPG",283344
6402,False,33,,503,948,445,Dustin,20082009,,2,131,24,56,Jeffrey,20152016,55,8474138,L,7,1996,27,"PIT,DAL,ARI",88818
4434,False,177,,507,952,445,Freddy,19961997,,2,313,128,131,Modin,20102011,306,8460556,L,14,7267,171,"TBL,CBJ,LAK,CGY,ATL",321836
7490,True,84,,474,968,494,Michael,20152016,,2,158,39,388,McCarron,20222023,62,8477446,R,6,2329,37,"MTL,NSH",97611
8358,True,75,,497,968,471,Steven,20202021,,2,192,42,247,Lorentz,20222023,94,8478904,C,3,3052,81,"CAR,SJS",128757
8208,True,65,,518,970,452,Gabriel,20192020,,2,152,35,66,Vilardi,20222023,81,8480014,C,4,2888,43,LAK,134757
5157,False,98,,527,971,444,Jason,20002001,,2,360,197,275,Williams,20112012,269,8468789,C,11,6605,121,"DET,CHI,CBJ,ATL,DAL,PIT",316621
17073,True,70,,468,978,510,Ross,20202021,,2,190,32,377,Colton,20222023,133,8479525,C,3,3152,72,TBL,139680
5080,False,169,,533,980,447,Tomas,20052006,,2,578,119,588,Kopecky,20142015,358,8468518,R,10,10574,223,"DET,CHI,FLA",451244
5748,False,196,,515,980,465,Drew,20062007,,2,841,330,846,Stafford,20182019,520,8471226,R,13,16596,267,"BUF,WPG,BOS,NJD",788729
4820,False,43,,498,981,483,Denis,20002001,,2,79,15,18,Arkhipov,20062007,28,8467386,C,5,1862,18,CHI,74470
5333,False,40,,537,982,445,Keith,20052006,,2,145,37,90,Aucoin,20132014,59,8469779,C,9,2142,70,"CAR,WSH,NYI,STL",99075
8345,True,116,,596,986,390,Tim,20202021,,2,210,157,289,St√ºtzle,20222023,191,8482116,L,3,4711,119,OTT,236842
5277,False,167,,556,993,437,Cody,20032004,,2,361,60,596,McCormick,20142015,118,8469591,C,10,5023,86,"COL,BUF,MIN",207239
4737,False,48,46.2,538,1000,462,Wyatt,19992000,,2,128,19,60,Smith,20072008,51,8466357,C,8,2056,44,"NYI,MIN,COL",80582
5563,False,39,47.2,528,1000,472,Marc-Antoine,20052006,,2,192,85,152,Pouliot,20112012,100,8470615,C,7,3023,71,"EDM,TBL,PHX",136006
6894,False,82,52.6892,475,1004,529,Jordan,20152016,,2,218,56,89,Weal,20192020,119,8475738,C,5,3851,80,"LAK,PHI,ARI,MTL",172135
5842,False,244,45.8128,550,1015,465,Kris,20072008,,2,643,262,286,Versteeg,20172018,468,8471346,R,11,13534,393,"CHI,TOR,PHI,FLA,LAK,CAR,CGY",626043
4139,False,42,54.9213,458,1016,558,Greg,19931994,,2,68,21,7,Johnson,20052006,23,8456734,C,12,1634,24,NSH,67700
17181,True,59,49.9023,513,1024,511,Shane,20202021,,2,99,40,82,Pinto,20222023,79,8481596,C,3,2052,47,OTT,91517
4756,False,42,46.7245,553,1038,485,Patrik,19992000,,2,105,50,46,Stefan,20062007,41,8467055,C,7,2017,72,"ATL,DAL",83127
5846,False,64,48.5605,536,1042,506,Jake,20072008,,2,157,36,223,Dowell,20132014,34,8471352,C,7,2398,46,"CHI,DAL,MIN",96922
6987,True,59,48.7572,536,1046,510,Sam,20142015,,2,163,36,311,Carrick,20222023,69,8475842,C,7,2552,38,"TOR,ANA",106479
6616,False,311,43.833,592,1054,462,Tommy,20102011,,2,448,176,1212,Wingels,20172018,276,8474739,C,8,8991,146,"SJS,OTT,CHI,BOS",366493
17990,True,71,39.2083,645,1061,416,Noah,20212022,,2,98,16,107,Cates,20222023,53,8480220,L,2,2371,70,PHI,100131
18020,True,52,42.2243,613,1061,448,Matty,20212022,,2,90,53,86,Beniers,20222023,78,8482665,C,2,1852,61,SEA,92206
7322,True,210,45.6583,582,1071,489,Teuvo,20132014,,2,594,362,180,Teravainen,20222023,479,8476882,L,10,12899,327,"CHI,CAR",600380
4526,False,29,51.9337,522,1086,564,Jan,19981999,,2,75,22,25,Hrdina,20052006,28,8462159,C,7,1685,28,CBJ,76331
8137,True,87,48.4848,561,1089,528,Sam,20192020,,2,210,71,446,Lafferty,20222023,83,8478043,C,4,3638,74,"PIT,CHI,TOR",155747
7075,True,105,50.7791,537,1091,554,Lukas,20162017,,2,192,34,270,Sedlak,20222023,86,8476310,C,4,2816,38,"CBJ,COL,PHI",113408
7804,True,70,41.3919,640,1092,452,Adam,20172018,,2,218,49,167,Gaudette,20212022,132,8478874,C,5,3681,64,"VAN,CHI,OTT",150546
4626,False,100,45.7038,594,1094,500,Trevor,19981999,,2,217,47,73,Letowski,20072008,79,8465189,R,9,3858,70,"CBJ,CAR",162020
6767,False,19,42.9481,627,1099,472,Linden,20132014,,2,138,53,21,Vey,20162017,57,8475223,R,4,2481,48,"LAK,VAN,CGY",113768
6201,True,315,41.7344,645,1107,462,Phil,20062007,,2,1286,842,202,Kessel,20222023,1236,8473548,R,17,27520,533,"BOS,TOR,PIT,ARI,VGK",1365750
5527,False,150,44.725,613,1109,496,Nathan,20032004,,2,572,221,519,Horton,20132014,486,8470596,R,10,12937,204,"FLA,BOS,CBJ",605282
4534,False,90,51.0811,543,1110,567,Byron,19981999,,2,180,53,223,Ritchie,20072008,42,8462197,C,8,2923,48,"CGY,VAN",116646
4311,False,99,42.7807,642,1122,480,Viktor,19941995,,2,298,195,182,Kozlov,20082009,230,8459428,C,14,5592,174,"NJD,NYI,WSH",284202
6148,False,252,47.3404,594,1128,534,Leo,20122013,,2,491,166,1572,Komarov,20212022,246,8473463,R,9,10635,253,"TOR,NYI",446276
6801,True,78,47.2198,598,1133,535,Byron,20152016,,2,125,25,127,Froese,20222023,52,8475278,C,5,2181,46,"TOR,TBL,MTL,CGY,VGK",87935
4077,False,73,49.7797,570,1135,565,Owen,19901991,,2,285,140,223,Nolan,20092010,215,8449895,R,18,6396,124,"PHX,CGY,MIN",277515
6749,False,84,48.6344,583,1135,552,Brandon,20102011,,2,276,89,223,Pirri,20202021,259,8475204,C,11,4801,105,"CHI,FLA,ANA,NYR,VGK",226304
4912,False,38,49.7801,571,1137,566,Kris,20002001,,2,99,44,95,Beech,20072008,31,8467880,C,7,1718,35,"NSH,WSH,CBJ,VAN,PIT",72334
7433,False,157,49.1645,578,1137,559,Carter,20162017,,2,249,71,586,Rowney,20212022,77,8477240,C,6,4285,74,"PIT,ANA,DET",176682
17216,True,73,45.0655,629,1145,516,Joe,20202021,,2,152,29,282,Veleno,20222023,46,8480813,C,3,2522,50,DET,118951
7332,False,104,46.5157,614,1148,534,Mikhail,20122013,,2,249,72,100,Grigorenko,20202021,102,8476888,C,6,4303,82,"BUF,COL,CBJ",199163
5820,False,98,48.4348,593,1150,557,Dustin,20062007,,2,220,64,183,Boyd,20102011,90,8471310,C,5,3757,82,"CGY,NSH,MTL",154151
4329,False,76,48.1771,597,1152,555,Kevyn,19971998,,2,177,43,94,Adams,20072008,101,8459446,C,10,2973,62,"CAR,PHX,CHI",125654
6501,False,119,48.5837,599,1165,566,Joe,20102011,,2,295,130,526,Colborne,20162017,111,8474577,C,7,5810,99,"TOR,CGY,COL",245989
4400,False,251,46.4837,624,1166,542,Ryan,19941995,,2,628,472,355,Smyth,20132014,576,8460496,L,19,14920,369,"EDM,NYI,COL,LAK",709435
7374,True,177,43.5304,659,1167,508,Andreas,20152016,,2,459,208,205,Athanasiou,20222023,430,8476960,C,8,8935,198,"DET,EDM,LAK,CHI",412178
6032,False,393,46.4164,628,1172,544,Tom,20092010,,2,445,84,255,Pyatt,20182019,168,8471768,L,8,8415,126,"MTL,TBL,OTT",356007
4129,False,46,54.1347,538,1173,635,Travis,19921993,,2,113,16,133,Green,20062007,59,8456430,C,14,2293,38,"BOS,ANA,TOR",90669
5731,False,211,46.7178,625,1173,548,Dustin,20052006,,2,589,373,673,Penner,20132014,523,8471208,L,9,12115,272,"ANA,EDM,LAK,WSH",556745
5627,False,91,45.8723,636,1175,539,Ryan,20052006,,2,126,58,76,Potulny,20102011,68,8470680,C,6,2241,55,"PHI,EDM,CHI,OTT",98852
7735,True,252,49.1124,602,1183,581,Mikko,20152016,,2,490,224,309,Rantanen,20222023,521,8478420,R,8,11203,309,COL,584468
8149,True,117,35.2743,767,1185,418,Kirby,20192020,,2,210,68,142,Dach,20222023,134,8481523,C,4,4143,125,"CHI,MTL",214988
8105,True,50,46.543,634,1186,552,Cody,20192020,,2,146,48,100,Glass,20222023,82,8479996,C,4,2537,65,"VGK,NSH",124088
6102,False,87,48.8665,609,1191,582,Rod,20062007,,2,256,32,373,Pelley,20112012,89,8472355,C,5,3550,49,"NJD,ANA",144701
4066,False,69,49.8745,599,1195,596,Trevor,19881989,,2,221,48,158,Linden,20072008,85,8448825,C,19,3664,54,VAN,155011
4085,False,59,49.1639,608,1196,588,Mike,19901991,,2,85,22,44,Ricci,20062007,37,8450817,C,16,1714,19,PHX,64043
7680,True,103,46.5719,639,1196,557,Michael,20172018,,2,296,76,161,Amadio,20222023,112,8478020,R,6,4610,126,"LAK,OTT,VGK,TOR",208903
6770,True,246,40.6977,714,1204,490,Craig,20112012,,2,853,384,797,Smith,20222023,802,8475225,C,12,16610,417,"NSH,BOS,WSH",744382
17207,True,50,47.9236,627,1204,577,Ryan,20202021,,2,138,88,71,McLeod,20222023,64,8480802,C,3,2566,63,EDM,110546
4704,False,105,47.9702,628,1207,579,Adam,19992000,,2,403,93,525,Mair,20102011,135,8466216,C,11,5155,73,"BUF,NJD",215949
17069,True,60,40.8904,717,1213,496,Trevor,20202021,,2,180,158,109,Zegras,20222023,165,8481533,C,3,3789,77,ANA,194254
6489,False,241,46.5135,652,1219,567,Colin,20092010,,2,632,240,425,Wilson,20192020,345,8474569,C,11,12230,214,"NSH,COL",558933
6152,False,188,51.1876,596,1221,625,Ryan,20092010,,2,313,71,819,White,20162017,108,8473466,C,8,4915,67,"MTL,PHI,ARI,MIN",208001
4074,False,29,51.4239,597,1229,632,Petr,19901991,,2,93,79,51,Nedved,20062007,73,8449807,C,15,1942,27,"PHX,PHI,EDM",88923
4673,False,241,48.7884,634,1238,604,Daniel,19971998,,2,609,202,770,Cleary,20142015,410,8466149,R,17,13046,192,DET,561313
7123,True,265,42.4437,716,1244,528,Blake,20162017,,2,464,188,1062,Coleman,20222023,347,8476399,C,7,9533,273,"NJD,TBL,CGY",429645
6971,False,91,51.5974,606,1252,646,Michael,20132014,,2,182,33,265,Chaput,20202021,54,8475808,C,8,2842,33,"CBJ,VAN,MTL,ARI",113923
6891,True,99,49.0822,638,1253,615,Greg,20132014,,2,233,50,248,McKegg,20212022,52,8475735,C,9,3399,57,"TOR,FLA,TBL,PIT,CAR,NYR,BOS",139292
5891,False,530,42.9027,716,1254,538,Daniel,20072008,,2,798,183,762,Winnik,20172018,410,8471476,L,11,16151,372,"PHX,COL,SJS,ANA,TOR,PIT,WSH,MIN",708988
6872,False,126,50.1184,632,1267,635,Oscar,20142015,,2,252,76,405,Lindberg,20182019,138,8475715,L,5,4139,71,"NYR,VGK,OTT",178091
4970,False,246,39.0723,775,1272,497,Ryan,20032004,,2,566,216,1091,Malone,20142015,372,8467988,L,11,12486,264,"PIT,TBL,NYR",577074
4262,False,99,47.5705,669,1276,607,Sergei,19941995,,2,246,87,193,Brylin,20072008,117,8458978,L,13,5180,93,NJD,231374
7944,False,83,47.619,682,1302,620,Juho,20182019,,2,159,33,188,Lammikko,20212022,54,8477996,L,3,2763,36,"FLA,VAN",110083
7270,False,183,49.8081,654,1303,649,Brian,20122013,,2,275,61,148,Flynn,20162017,98,8476808,C,5,5451,82,"BUF,MTL",223959
6045,False,41,46.5753,702,1314,612,Cal,20082009,,2,145,41,17,O'Reilly,20172018,35,8471811,C,7,2455,70,"NSH,PHX,PIT,BUF,MIN",116626
4196,False,163,44.9165,726,1318,592,Brian,19941995,,2,520,221,423,Rolston,20112012,618,8458525,R,17,12830,198,"MIN,NJD,BOS,NYI",565119
7563,False,84,52.0486,632,1318,686,Frederik,20152016,,2,178,37,220,Gauthier,20212022,37,8477512,C,7,2530,28,"TOR,ARI,NJD",98378
4654,False,59,53.2526,618,1322,704,Randy,19961997,,2,213,96,58,Robitaille,20072008,113,8466110,C,11,3951,68,"MIN,PHI,NYI,OTT",180700
4915,False,64,52.8658,625,1326,701,Jamie,20022003,,2,184,77,95,Lundmark,20092010,104,8467882,C,6,3240,63,"PHX,CGY,NYR,LAK,TOR",140058
17526,True,88,45.4408,724,1327,603,Anton,20212022,,2,138,76,55,Lundell,20222023,90,8482113,C,2,2975,96,FLA,133078
4751,False,86,52.2064,639,1337,698,Eric,20032004,,2,241,85,163,Perrin,20082009,155,8466399,C,4,5030,163,"TBL,ATL",236676
4775,False,53,47.58,704,1343,639,Mark,20002001,,2,193,66,232,Bell,20112012,143,8467335,C,8,3591,66,"CHI,SJS,TOR,ANA",164245
4422,False,58,53.0928,637,1358,721,Dave,19971998,,2,133,42,203,Scatchard,20102011,82,8460533,C,11,2702,40,"PHX,BOS,NSH,STL",107669
6698,True,343,45.1051,757,1379,622,Evander,20092010,,2,853,457,1966,Kane,20222023,1029,8475169,L,14,19300,451,"ATL,WPG,BUF,SJS,EDM",966135
5357,False,123,47.2701,734,1392,658,Matt,20062007,,2,356,44,180,Ellis,20142015,142,8470018,L,9,4701,105,"DET,LAK,BUF",187612
7351,True,188,46.5517,744,1392,648,Jujhar,20152016,,2,336,133,783,Khaira,20222023,144,8476915,L,8,5776,102,"EDM,CHI",254269
6942,True,194,48.8571,716,1400,684,Chris,20142015,,2,360,94,1013,Wagner,20222023,181,8475780,R,9,6034,75,"ANA,COL,NYI,BOS",257268
5235,False,545,46.1593,757,1406,649,Jason,20032004,,2,1059,359,478,Pominville,20182019,901,8469506,R,15,23239,457,"BUF,MIN",1104457
4172,False,55,53.2909,660,1413,753,Tim,19931994,,2,153,23,85,Taylor,20062007,41,8458192,C,13,2499,36,TBL,94978
5187,False,238,41.472,827,1413,586,Tuomo,20032004,,2,653,242,1709,Ruutu,20152016,459,8469462,L,12,13548,256,"CHI,CAR,NJD",609306
5752,False,89,50.3887,702,1415,713,Petteri,20052006,,2,245,41,238,Nokelainen,20112012,62,8471229,C,5,3477,42,"NYI,BOS,ANA,PHX,MTL",148036
5316,False,39,49.8949,715,1427,712,Petr,20022003,,2,148,86,106,Cajanek,20062007,133,8469696,C,4,3478,57,STL,155505
4076,False,22,58.5604,593,1431,838,Joe,19861987,,2,80,56,14,Nieuwendyk,20062007,68,8449893,C,20,1729,20,FLA,75927
6428,False,67,50.1397,714,1432,718,Joakim,20112012,,2,205,56,89,Andersson,20152016,60,8474168,C,5,3575,31,DET,146623
8216,True,66,51.1142,702,1436,734,Morgan,20192020,,2,180,47,137,Geekie,20222023,91,8479987,C,4,2754,60,"CAR,SEA",121062
7574,False,103,47.8079,750,1437,687,Josh,20142015,,2,213,51,221,Jooris,20172018,93,8477591,R,4,4049,75,"CGY,ARI,NYR,CAR,PIT",158622
5988,False,71,48.7671,748,1460,712,Marc-Andre,20092010,,2,151,20,53,Cliche,20142015,28,8471718,C,3,2415,65,"LAK,COL",95706
7350,True,277,47.0348,777,1467,690,Devin,20152016,,2,422,103,449,Shore,20222023,199,8476913,C,8,7753,142,"DAL,ANA,CBJ,EDM",322400
6043,False,134,44.1797,820,1469,649,Tom,20082009,,2,229,81,182,Wandell,20122013,130,8471807,C,5,3672,120,DAL,155063
17522,True,79,45.4237,805,1475,670,Cole,20212022,,2,143,39,203,Sillinger,20222023,97,8482705,C,2,2635,41,CBJ,116048
4500,False,60,51.6543,716,1481,765,Marc,20002001,,2,116,26,74,Chouinard,20062007,69,8462061,C,6,2504,43,"MIN,VAN",96992
6461,False,98,54.7779,672,1486,814,Jesse,20072008,,2,285,53,424,Winchester,20132014,133,8474498,C,6,4431,88,"OTT,FLA",187362
5818,False,251,48.9022,768,1503,735,Johan,20052006,,2,602,242,783,Franzen,20152016,607,8471309,R,11,13381,264,DET,604672
7502,False,137,43.9394,851,1518,667,Jacob,20142015,,2,242,55,474,de la Rose,20202021,77,8477455,L,7,4080,72,"MTL,DET,STL",170021
4358,False,65,51.774,734,1522,788,Shawn,19971998,,2,116,44,128,Bates,20072008,63,8459527,C,10,2497,58,NYI,105014
8167,True,86,46.7668,815,1531,716,Morgan,20192020,,2,158,55,133,Frost,20222023,93,8480028,C,4,3258,74,PHI,143019
4090,False,77,49.1941,788,1551,763,Jeremy,19881989,,2,239,175,298,Roenick,20082009,124,8450978,C,20,4622,91,"LAK,PHX,SJS",205036
7118,True,247,44.8454,856,1552,696,Nick,20142015,,2,523,152,636,Cousins,20222023,219,8476393,C,9,8799,168,"PHI,ARI,VGK,MTL,NSH,FLA",390335
6945,True,224,44.5583,866,1562,696,Jeff,20102011,,2,932,534,423,Skinner,20222023,1034,8475784,L,13,19967,697,"CAR,BUF",954368
4123,False,60,52.3018,746,1564,818,Jim,19911992,,2,217,39,89,Dowd,20072008,42,8456100,C,16,3377,50,"COL,CHI,NJD,PHI",128610
7918,True,169,48.6418,813,1583,770,Michael,20182019,,2,238,62,417,Rasmussen,20222023,121,8479992,C,4,4541,66,DET,200855
7248,True,134,42.8752,906,1586,680,Jonathan,20122013,,2,556,320,648,Marchessault,20222023,553,8476539,R,10,11063,330,"CBJ,TBL,FLA,VGK",565825
7024,False,55,50.9091,783,1595,812,Mark,20122013,,2,139,61,211,Arcobello,20152016,99,8476062,R,4,2925,66,"EDM,ARI,NSH,PIT,TOR",121796
5814,False,80,44.4931,887,1598,711,Peter,20082009,,2,243,52,171,Regin,20142015,128,8471299,C,7,4032,133,"OTT,CHI,NYI",180130
4485,False,267,44.8125,883,1600,717,Shane,19951996,,2,892,378,1856,Doan,20162017,953,8462038,R,21,20823,513,"PHX,ARI",1016156
6517,False,297,41.1692,956,1625,669,Tyler,20092010,,2,700,231,658,Ennis,20212022,478,8474589,R,13,12865,287,"BUF,MIN,TOR,EDM,OTT",636796
6882,False,72,43.2349,923,1626,703,Ryan,20122013,,2,325,154,210,Spooner,20182019,167,8475727,C,7,5875,102,"BOS,NYR,VAN,EDM",273588
6082,False,225,53.4599,760,1633,873,Andrew,20102011,,2,408,106,586,Desjardins,20162017,137,8471956,L,7,6531,134,"SJS,CHI",262877
4243,False,55,48.8131,841,1643,802,Alexei,19931994,,2,140,85,78,Yashin,20062007,164,8458939,C,12,2949,85,NYI,150432
4350,False,210,51.3007,805,1653,848,Vinny,19961997,,2,559,206,495,Prospal,20122013,401,8459492,L,16,12405,315,"TBL,PHI,NYR,CBJ",619696
6610,False,200,51.8919,801,1665,864,Ben,20102011,,2,237,37,173,Smith,20162017,96,8474727,R,7,4485,67,"CHI,SJS,TOR,COL",177166
8030,True,107,54.1043,766,1669,903,Nico,20182019,,2,206,45,256,Sturm,20222023,89,8481477,C,5,3756,63,"MIN,COL,SJS",156610
8159,True,124,42.8316,961,1681,720,Eetu,20192020,,2,212,81,231,Luostarinen,20222023,98,8480185,C,4,4231,112,"CAR,FLA",181005
6256,False,109,47.0273,891,1682,791,Andrew,20072008,,2,224,58,142,Ebbett,20142015,105,8473682,C,8,3684,57,"ANA,MIN,CHI,PHX,VAN,PIT",158635
5373,False,288,50.8575,831,1691,860,Adam,20062007,,2,378,49,406,Burish,20142015,130,8470063,R,9,6674,66,"CHI,DAL,SJS",261728
5877,False,441,50.4723,839,1694,855,Troy,20062007,,2,851,292,2061,Brouwer,20192020,571,8471426,R,14,18434,333,"CHI,WSH,STL,CGY,FLA",817437
4950,False,67,57.5793,722,1702,980,Mike,20022003,,2,161,40,134,Zigomanis,20102011,62,8467937,C,7,3052,54,"STL,CAR,PHX,PIT,TOR",122743
5741,True,692,45.1878,934,1704,770,Blake,20082009,,2,1118,502,1322,Wheeler,20222023,1098,8471218,R,15,25736,536,"BOS,ATL,WPG",1237976
4615,False,457,43.7024,961,1707,746,Craig,20002001,,2,713,110,1518,Adams,20142015,230,8465166,R,14,10817,153,"CAR,CHI,PIT",474049
5471,False,108,50.7026,842,1708,866,Tim,20062007,,2,207,39,214,Brent,20122013,68,8470283,C,7,3204,45,"ANA,PIT,CHI,TOR,CAR",132770
5984,False,344,50.4667,849,1714,865,Justin,20072008,,2,739,235,1754,Abdelkader,20192020,473,8471716,L,13,14878,166,DET,660626
7817,True,147,46.0069,933,1728,795,Kevin,20162017,,2,227,58,367,Rooney,20222023,75,8479291,C,7,3977,70,"NJD,NYR,CGY",168424
7168,False,113,40.9222,1025,1735,710,Markus,20132014,,2,335,71,218,Granlund,20192020,169,8476440,C,7,7084,146,"CGY,VAN,EDM",297398
4579,False,220,50.6017,862,1745,883,Steve,19971998,,2,349,104,924,Begin,20122013,184,8464994,L,13,5941,111,"MTL,DAL,BOS,NSH,CGY",250737
5207,False,83,48.0274,909,1749,840,Jiri,20052006,,2,189,63,249,Novotny,20082009,85,8469475,C,4,3640,41,"BUF,WSH,CBJ",165763
4840,False,66,54.0571,804,1750,946,Josef,20002001,,2,167,57,130,Vasicek,20072008,122,8467416,C,7,3234,86,"CAR,NSH,NYI",148885
5781,False,328,43.7607,987,1755,768,Blake,20062007,,2,909,357,1890,Comeau,20212022,516,8471260,L,16,18681,431,"NYI,CGY,CBJ,PIT,COL,DAL",835641
7341,True,160,43.7217,995,1768,773,Oskar,20152016,,2,355,84,422,Sundqvist,20222023,177,8476897,C,8,6374,138,"PIT,STL,DET,MIN",284332
4162,False,96,47.5761,930,1774,844,Teemu,19921993,,2,572,408,123,Selanne,20132014,583,8457981,R,21,11917,235,ANA,585271
7624,True,138,50.6704,883,1790,907,William,20152016,,2,521,271,125,Nylander,20222023,571,8477939,R,8,11322,372,TOR,536883
4719,False,148,49.1355,912,1793,881,Ben,20052006,,2,175,34,275,Guite,20092010,74,8466300,R,5,3384,68,"BOS,COL,NSH",132481
7661,True,192,42.4276,1034,1796,762,Ivan,20162017,,2,433,158,725,Barbashev,20222023,209,8477964,C,7,7933,201,"STL,VGK",363766
7847,True,77,41.402,1070,1826,756,Tage,20172018,,2,301,135,253,Thompson,20222023,312,8479420,C,6,5836,150,"STL,BUF",279367
6691,False,60,50.4338,914,1844,930,Anton,20112012,,2,215,70,213,Lander,20162017,62,8475165,C,6,3798,65,EDM,156386
4381,False,144,47.8049,963,1845,882,Pavol,19931994,,2,294,173,91,Demitra,20092010,271,8459648,R,16,7511,87,"LAK,MIN,VAN",341287
7616,True,293,43.662,1040,1846,806,Sam,20142015,,2,614,259,294,Reinhart,20222023,605,8477933,C,9,13020,224,"BUF,FLA",673561
6142,True,403,48.6052,958,1864,906,Kyle,20072008,,2,984,490,878,Okposo,20222023,822,8473449,R,16,20306,541,"NYI,BUF",1014865
8210,True,86,52.0364,895,1866,971,Josh,20192020,,2,133,63,161,Norris,20222023,120,8480064,C,4,3130,48,OTT,140766
7238,True,298,45.5851,1023,1880,857,Rickard,20122013,,2,651,364,889,Rakell,20222023,694,8476483,R,11,13825,256,"ANA,PIT",670732
4309,False,162,47.3684,990,1881,891,Rob,19931994,,2,457,178,377,Niedermayer,20102011,177,8459427,C,17,10323,135,"ANA,NJD,BUF",446085
8129,True,81,35.3968,1221,1890,669,Jack,20192020,,2,244,272,45,Hughes,20222023,235,8481559,C,4,5197,207,NJD,273084
4190,False,35,50.368,944,1902,958,Peter,19941995,,2,128,159,123,Forsberg,20102011,83,8458520,C,13,2983,91,"PHI,NSH,COL",142722
4299,False,104,49.4742,961,1902,941,Steve,19941995,,2,119,59,48,Rucchin,20062007,64,8459284,C,12,2778,100,"NYR,ATL",120810
7533,True,130,43.3754,1077,1902,825,Jonathan,20142015,,2,485,278,356,Drouin,20222023,308,8477494,L,9,9650,261,"TBL,MTL",469607
7940,True,126,48.3246,987,1910,923,Brady,20182019,,2,359,235,1237,Tkachuk,20222023,450,8480801,L,5,8399,161,OTT,390955
5012,False,501,47.7853,1002,1919,917,Joel,20062007,,2,726,266,574,Ward,20172018,452,8468208,R,11,15721,409,"MIN,NSH,WSH,SJS",681661
7835,True,170,39.5736,1162,1923,761,Tyson,20162017,,2,413,60,303,Jost,20222023,188,8479370,C,7,7113,157,"COL,MIN,BUF",332376
7357,True,283,44.8062,1068,1935,867,Jordan,20142015,,2,559,135,769,Martinook,20222023,421,8476921,L,9,11166,270,"ARI,CAR",471883
4423,False,165,51.7774,936,1941,1005,Curtis,19941995,,2,182,34,123,Brown,20072008,79,8460534,C,13,3394,61,"CHI,SJS",141198
6249,False,175,51.58,950,1962,1012,Ryan,20072008,,2,473,66,691,Carter,20152016,209,8473646,L,9,7318,123,"ANA,FLA,CAR,NJD,MIN",300857
7657,True,144,40.9253,1162,1967,805,Adrian,20162017,,2,472,193,548,Kempe,20222023,379,8477960,R,7,10285,148,LAK,456050
7859,True,170,46.1499,1063,1974,911,Dylan,20172018,,2,233,60,293,Gambrell,20222023,105,8479580,C,6,4154,50,"SJS,OTT",175894
4288,False,334,45.4863,1093,2005,912,Ian,19931994,,2,389,112,536,Laperriere,20092010,164,8459094,R,16,8240,231,"COL,PHI",332034
4116,False,95,50.995,985,2010,1025,Stu,19911992,,2,239,100,75,Barnes,20072008,144,8455521,C,16,4830,214,DAL,220881
7880,True,137,40.2584,1202,2012,810,Filip,20172018,,2,327,170,120,Chytil,20222023,244,8480078,C,6,5628,135,NYR,274300
7400,True,250,46.5012,1078,2015,937,Alex,20172018,,2,442,195,282,Kerfoot,20222023,209,8477021,C,6,8558,178,"COL,TOR",386278
7928,True,219,48.4414,1042,2021,979,Brett,20182019,,2,279,89,359,Howden,20222023,120,8479353,C,5,5093,96,"NYR,VGK",218366
7589,True,156,48.5954,1043,2029,986,Ryan,20152016,,2,330,96,584,Carpenter,20222023,151,8477846,C,8,5714,107,"SJS,VGK,CHI,CGY,NYR",249497
8199,True,109,50.6136,1006,2037,1031,Jake,20192020,,2,186,81,210,Evans,20222023,71,8478133,C,4,3614,75,MTL,155776
4106,False,164,46.9608,1082,2040,958,Wes,19891990,,2,155,91,31,Walz,20072008,71,8452285,C,13,3908,87,MIN,142709
7942,True,130,45.7253,1130,2082,952,Isac,20182019,,2,212,64,83,Lundestrom,20222023,81,8480806,C,5,4383,70,ANA,188535
8333,True,108,46.7402,1111,2086,975,Pius,20202021,,2,216,70,91,Suter,20222023,110,8480459,C,3,4190,104,"CHI,DET",203820
6061,False,144,54.8141,948,2098,1150,Joe,20102011,,2,234,34,363,Vitale,20152016,85,8471856,C,6,3484,68,"PIT,ARI",152596
7869,False,66,51.0358,1040,2124,1084,Nolan,20172018,,2,222,86,191,Patrick,20212022,127,8479974,C,4,4313,96,"PHI,VGK",183958
7557,True,281,47.3907,1119,2127,1008,Curtis,20142015,,2,453,85,974,Lazar,20222023,191,8477508,C,9,7809,127,"OTT,CGY,BUF,BOS,VAN,NJD",326448
4222,False,65,62.8585,803,2162,1359,Yanic,19931994,,2,188,56,45,Perreault,20072008,95,8458561,C,14,3613,54,"NSH,PHX,TOR,CHI",160036
7682,False,75,50.2073,1081,2171,1090,Lucas,20162017,,2,187,59,191,Wallmark,20202021,89,8478027,C,5,3600,67,"CAR,FLA,CHI",148421
5117,False,431,52.9035,1030,2187,1157,Matt,20082009,,2,607,129,1398,Hendricks,20182019,243,8468611,C,11,10193,169,"COL,WSH,EDM,NSH,WPG,MIN",420284
4713,False,79,46.6333,1173,2198,1025,Mike,19992000,,2,205,58,103,York,20082009,107,8466266,L,9,4146,80,"NYI,PHI,PHX,CBJ",185218
8337,True,63,47.2022,1170,2216,1046,Dylan,20202021,,2,201,70,120,Cozens,20222023,131,8481528,C,3,4094,82,BUF,190821
6116,False,131,40.7924,1315,2221,906,Stephen,20102011,,2,301,45,492,Gionta,20182019,116,8472410,C,8,5445,93,"NJD,NYI",222431
8140,True,72,49.5298,1127,2233,1106,Barrett,20192020,,2,176,67,196,Hayton,20222023,103,8480849,C,4,3929,65,ARI,167132
7720,True,132,45.7028,1213,2234,1021,Colin,20162017,,2,292,130,229,White,20222023,176,8478400,C,7,5533,85,"OTT,FLA",246016
7756,True,106,48.0514,1173,2258,1085,Nicolas,20172018,,2,228,70,266,Roy,20222023,126,8478462,C,6,4487,119,"CAR,VGK",201024
4645,False,86,48.1662,1173,2263,1090,Brett,20022003,,2,307,84,75,McLean,20082009,127,8465968,C,6,6013,123,"COL,FLA",248743
5067,False,158,48.1806,1182,2281,1099,Brian,20012002,,2,351,84,473,Sutherby,20102011,121,8468506,C,9,5821,89,"WSH,ANA,DAL",230176
7782,True,150,45.5142,1245,2285,1040,Evan,20152016,,2,385,152,235,Rodrigues,20222023,272,8478542,C,8,7521,157,"BUF,PIT,COL",346984
5063,False,295,47.8469,1199,2299,1100,Brad,20032004,,2,821,368,553,Boyes,20152016,800,8468504,R,12,17349,367,"BOS,STL,BUF,NYI,FLA,TOR",806794
6144,True,375,42.5495,1334,2322,988,Trevor,20082009,,2,892,176,1644,Lewis,20222023,589,8473453,C,15,16583,218,"LAK,WPG,CGY",706619
4209,False,110,44.8795,1281,2324,1043,Dean,19911992,,2,351,175,153,McAmmond,20092010,164,8458536,C,17,6163,188,"STL,OTT,NYI,NJD",265955
4306,False,68,54.0448,1068,2324,1256,Chris,19931994,,2,241,101,290,Gratton,20082009,123,8459425,C,15,4542,115,"FLA,TBL,CBJ",191385
7612,True,173,54.6802,1070,2361,1291,Tomas,20152016,,2,398,103,440,Nosek,20222023,192,8477931,L,8,6655,153,"DET,VGK,BOS",291846
7924,True,177,51.7955,1141,2367,1226,Roope,20182019,,2,312,167,341,Hintz,20222023,279,8478449,C,5,7305,114,DAL,310339
5960,True,658,46.1798,1275,2369,1094,T.J.,20082009,,2,958,405,1482,Oshie,20222023,895,8471698,R,15,22401,681,"STL,WSH",1056231
7235,True,344,43.3669,1349,2382,1033,Vladislav,20132014,,2,630,194,733,Namestnikov,20222023,292,8476480,C,10,12184,198,"TBL,NYR,COL,OTT,DET,DAL,WPG",558008
7872,True,66,44.9288,1314,2386,1072,Casey,20172018,,2,277,130,101,Mittelstadt,20222023,142,8479999,C,6,5271,118,BUF,246070
4283,False,68,49.3941,1211,2393,1182,Derek,19931994,,2,268,133,311,Armstrong,20092010,143,8459064,C,14,4993,53,"LAK,STL",210676
8035,True,95,50.9591,1176,2398,1222,Blake,20182019,,2,258,53,244,Lizotte,20222023,130,8481481,C,5,4853,92,LAK,200368
4876,False,82,52.0332,1156,2410,1254,Niko,20012002,,2,239,100,105,Kapanen,20072008,125,8467516,C,6,4359,111,"DAL,PHX,ATL",193310
5864,False,147,49.177,1235,2430,1195,Mike,20082009,,2,406,87,239,Santorelli,20152016,233,8471390,C,8,7490,136,"NSH,FLA,WPG,VAN,TOR,ANA",337696
7496,True,287,45.152,1335,2434,1099,Jason,20152016,,2,361,123,539,Dickinson,20222023,170,8477450,C,8,7326,187,"DAL,VAN,CHI",306442
6222,False,231,45.4583,1333,2444,1111,Shawn,20072008,,2,551,91,548,Matthias,20172018,265,8473574,L,11,10190,203,"FLA,VAN,COL,TOR,WPG",426752
7913,True,234,43.3129,1386,2445,1059,Elias,20182019,,2,325,184,239,Pettersson,20222023,392,8480012,C,5,7545,200,VAN,370137
7911,True,92,50.0408,1223,2448,1225,Sam,20182019,,2,262,102,157,Steel,20222023,123,8479351,C,5,4744,81,"ANA,MIN",225587
5586,False,119,51.8325,1196,2483,1287,Kamil,20062007,,2,232,49,179,Kreps,20092010,81,8470631,C,4,4447,95,FLA,181897
6719,False,92,45.7315,1354,2495,1141,Peter,20112012,,2,266,89,295,Holland,20172018,153,8475180,C,7,4718,161,"ANA,TOR,ARI,NYR",210770
5615,False,189,47.0611,1342,2535,1193,Colin,20062007,,2,359,55,482,Fraser,20142015,83,8470662,C,9,5412,81,"CHI,EDM,LAK,STL",214219
4221,False,85,50.1768,1268,2545,1277,Jozef,19911992,,2,199,117,121,Stumpel,20072008,139,8458554,L,16,4721,89,FLA,216866
5555,False,320,49.5108,1290,2555,1265,Eric,20052006,,2,652,136,545,Fehr,20182019,396,8470611,C,14,11049,349,"WSH,WPG,PIT,TOR,SJS,MIN",480907
7603,True,135,49.6308,1296,2573,1277,Frederick,20162017,,2,261,62,133,Gaudreau,20222023,116,8477919,C,6,4529,114,"NSH,PIT,MIN",213633
4864,False,70,46.2101,1398,2599,1201,Tyler,20012002,,2,302,141,20,Arnason,20082009,185,8467483,C,7,5843,223,"CHI,OTT,COL",259239
7645,True,193,40.4068,1553,2606,1053,Nick,20162017,,2,427,224,92,Schmaltz,20222023,246,8477951,C,7,9190,358,"CHI,ARI",438590
7083,True,160,43.75,1467,2608,1141,Travis,20172018,,2,280,89,157,Boyd,20222023,131,8476329,C,6,5305,84,"WSH,VAN,TOR,ARI",232163
4413,False,149,50.5923,1293,2617,1324,Wayne,19941995,,2,275,64,235,Primeau,20092010,106,8460507,C,15,5168,96,"SJS,BOS,CGY,TOR",215275
7497,True,295,44.2029,1463,2622,1159,Ryan,20142015,,2,506,195,590,Hartman,20222023,403,8477451,R,9,9037,220,"CHI,NSH,PHI,MIN",432824
7998,True,153,49.2051,1342,2642,1300,Teddy,20182019,,2,268,79,346,Blueger,20222023,86,8476927,C,5,5458,109,"PIT,VGK",229718
5455,False,603,45.0321,1455,2647,1192,Alexander,20052006,,2,1018,358,702,Steen,20192020,951,8470257,L,15,25361,437,"TOR,STL",1098933
6129,True,604,47.3962,1394,2650,1256,Nick,20072008,,2,1081,362,2365,Foligno,20222023,571,8473422,L,16,21762,497,"OTT,CBJ,TOR,BOS",1030369
6190,False,194,44.0646,1489,2662,1173,James,20072008,,2,394,114,485,Sheppard,20142015,176,8473536,C,6,7275,174,"MIN,SJS,NYR",298348
7906,True,120,48.0524,1387,2670,1283,Jesperi,20182019,,2,319,164,380,Kotkaniemi,20222023,166,8480829,C,5,5721,133,"MTL,CAR",263031
7480,True,193,51.8158,1287,2671,1384,Nicholas,20152016,,2,328,112,503,Paul,20222023,251,8477426,L,8,6576,203,"OTT,TBL",293311
6948,False,111,42.6979,1542,2691,1149,Alexander,20102011,,2,348,148,491,Burmistrov,20172018,194,8475788,C,6,6694,165,"ATL,WPG,ARI,VAN",311066
7752,True,152,43.2275,1555,2739,1184,Jack,20162017,,2,386,185,246,Roslovic,20222023,203,8478458,C,7,6987,145,"WPG,CBJ",325976
7792,True,349,50.1446,1379,2766,1387,Noel,20152016,,2,384,81,1009,Acciari,20222023,184,8478569,C,8,6989,156,"BOS,FLA,STL,TOR",313510
7283,True,287,46.7216,1487,2791,1304,Alex,20122013,,2,654,289,529,Galchenyuk,20222023,489,8476851,C,11,12911,197,"MTL,ARI,MIN,PIT,TOR,OTT,COL",578121
7131,False,93,50.9588,1381,2816,1435,Nicholas,20142015,,2,299,67,316,Shore,20192020,150,8476406,C,5,5152,69,"LAK,CGY,OTT,WPG,TOR",216050
7191,True,534,53.27,1329,2844,1515,Gabriel,20112012,,2,738,352,1464,Landeskog,20212022,647,8476455,L,11,17283,469,COL,860062
6727,False,147,48.7702,1458,2846,1388,Jacob,20102011,,2,315,75,230,Josefson,20172018,149,8475185,C,8,5775,89,"NJD,BUF",240359
7315,True,327,45.0053,1569,2853,1284,Zemgus,20132014,,2,625,113,1098,Girgensons,20222023,320,8476878,L,9,12302,175,BUF,543722
7970,True,115,56.7294,1241,2868,1627,Michael,20182019,,2,242,90,421,McLeod,20222023,92,8479415,C,5,4656,118,NJD,186203
7308,True,200,49.6561,1464,2908,1444,Mark,20162017,,2,322,101,165,Jankowski,20222023,176,8476873,C,7,5545,148,"CGY,PIT,BUF,NSH",237634
6380,False,223,49.622,1466,2910,1444,Nick,20092010,,2,437,77,372,Spaling,20152016,184,8474096,C,7,9359,207,"NSH,PIT,SJS,TOR",390627
6667,True,263,41.3947,1706,2911,1205,Marcus,20102011,,2,833,421,454,Johansson,20222023,417,8475149,L,13,16516,361,"WSH,NJD,BOS,BUF,MIN,SEA",823492
4961,False,149,47.5725,1555,2966,1411,Mike,20002001,,2,348,198,190,Comrie,20102011,165,8467964,C,10,6593,144,"PHX,OTT,NYI,EDM,PIT",334824
5342,False,138,59.3277,1210,2975,1765,Zenon,20052006,,2,346,50,386,Konopka,20132014,58,8469820,C,9,4861,47,"ANA,CBJ,TBL,NYI,OTT,MIN,BUF",175118
4167,False,134,50.5186,1479,2989,1510,Bryan,19921993,,2,227,84,176,Smolinski,20072008,159,8458069,C,15,4714,98,"OTT,VAN,CHI,MTL",210831
6491,False,104,46.4428,1611,3008,1397,Cody,20102011,,2,328,115,174,Hodgson,20152016,203,8474570,C,6,6215,110,"VAN,BUF,NSH",289151
5270,False,104,55.257,1349,3015,1666,Kyle,20032004,,2,488,239,116,Wellwood,20122013,246,8469581,C,9,8553,187,"TOR,VAN,SJS,WPG",406621
4354,False,204,55.4967,1344,3020,1676,Jamal,19961997,,2,547,138,622,Mayers,20122013,304,8459514,R,15,9622,168,"STL,TOR,CGY,SJS,CHI",387870
4548,False,120,49.3421,1540,3040,1500,Glen,19992000,,2,304,105,190,Metropolit,20092010,128,8462823,C,8,5792,124,"STL,ATL,BOS,MTL,PHI",250300
7651,True,209,42.0776,1762,3042,1280,Jared,20152016,,2,506,214,452,McCann,20222023,360,8477955,L,8,10293,265,"VAN,FLA,PIT,SEA",439991
7379,False,321,48.7861,1561,3048,1487,Cedric,20132014,,2,448,81,1160,Paquette,20212022,195,8476975,C,9,7437,118,"TBL,CAR,OTT,MTL",315704
5197,False,536,48.7422,1569,3061,1492,R.J.,20052006,,2,779,239,926,Umberger,20152016,531,8469469,C,11,17699,341,"PHI,CBJ",777538
4943,False,318,54.5188,1394,3065,1671,Adam,20012002,,2,523,83,633,Hall,20132014,233,8467925,R,11,10179,138,"NSH,MIN,NYR,PIT,TBL,CAR,PHI",395701
4427,False,241,50.0321,1557,3116,1559,Richard,19941995,,2,430,126,228,Park,20112012,211,8460541,R,14,8269,230,"VAN,NYI,PIT",356916
7748,True,194,42.2806,1802,3122,1320,Mathew,20162017,,2,420,503,152,Barzal,20222023,283,8478445,C,7,8525,321,NYI,464378
5230,False,258,51.8022,1511,3135,1624,Michael,20022003,,2,847,500,373,Cammalleri,20172018,836,8469500,L,15,19083,308,"LAK,CGY,MTL,NJD,EDM",909921
7929,True,100,49.3329,1595,3148,1553,Robert,20182019,,2,314,168,59,Thomas,20222023,152,8480023,C,5,6242,219,STL,305336
6551,False,118,50.7127,1556,3157,1601,Jori,20142015,,2,307,67,234,Lehtera,20182019,67,8474627,C,5,6460,110,"STL,PHI",261327
6245,False,237,50.4738,1568,3166,1598,Mathieu,20092010,,2,708,206,863,Perreault,20212022,385,8473618,C,13,12608,319,"WSH,ANA,WPG,MTL",580309
5476,False,54,52.8531,1512,3207,1695,Erik,20052006,,2,387,103,193,Christensen,20112012,272,8470299,C,7,6643,135,"PIT,ATL,ANA,NYR,MIN",300978
4797,False,276,43.2804,1857,3274,1417,Nik,19992000,,2,525,268,691,Antropov,20122013,407,8467353,C,13,11339,226,"TOR,NYR,ATL,WPG",538566
7255,True,338,50.288,1640,3299,1659,Barclay,20142015,,2,492,160,805,Goodrow,20222023,216,8476624,C,9,9230,215,"SJS,TBL,NYR",401084
4420,False,455,54.3944,1510,3311,1801,Ryan,19971998,,2,357,77,264,Johnson,20102011,108,8460527,C,13,6610,79,"STL,VAN,CHI",255334
4226,False,91,47.1463,1778,3364,1586,Michael,19921993,,2,272,190,34,Nylander,20082009,163,8458573,C,15,5387,149,"NYR,WSH",297183
4291,False,239,51.9662,1649,3433,1784,Stephane,19951996,,2,351,71,460,Yelle,20092010,122,8459122,C,14,6799,138,"CGY,BOS,COL,CAR",267364
4503,False,258,42.8364,1971,3448,1477,Jochen,19981999,,2,500,268,260,Hecht,20122013,417,8462077,C,14,11333,229,BUF,526514
4177,False,143,47.4093,1827,3474,1647,Doug,19911992,,2,326,169,211,Weight,20102011,233,8458361,C,19,6946,112,"STL,CAR,ANA,NYI",347137
7275,True,202,48.7143,1795,3500,1705,Yanni,20152016,,2,465,171,477,Gourde,20222023,289,8476826,C,8,9675,299,"TBL,SEA",456622
5754,False,131,49.191,1790,3523,1733,Kyle,20072008,,2,482,113,569,Chipchura,20152016,114,8471231,C,9,7355,181,"MTL,ANA,PHX,ARI",308943
7106,False,218,48.1419,1842,3552,1710,Andrew,20112012,,2,544,171,1044,Shaw,20202021,318,8476381,R,10,10594,169,"CHI,MTL",497648
5962,True,534,40.4715,2121,3563,1442,Andrew,20072008,,2,1219,495,1284,Cogliano,20222023,655,8471699,C,16,25509,404,"EDM,ANA,DAL,SJS,COL",1046341
4260,False,217,52.1472,1716,3586,1870,Michael,19931994,,2,242,121,233,Peca,20082009,121,8458976,C,14,5686,135,"EDM,TOR,CBJ",239981
4052,False,106,53.8526,1659,3595,1936,Sergei,19901991,,2,260,176,162,Fedorov,20082009,233,8446788,C,18,6182,151,"CBJ,ANA,WSH",295512
4491,False,335,51.7823,1745,3619,1874,Jarome,19961997,,2,928,549,1168,Iginla,20162017,1025,8462042,R,20,21174,436,"CGY,PIT,BOS,COL,LAK",1091748
7619,True,232,47.5454,1934,3687,1753,Sam,20142015,,2,546,260,976,Bennett,20222023,394,8477935,C,9,10757,271,"CGY,FLA",489783
7548,True,169,48.2805,1910,3693,1783,Max,20152016,,2,581,398,257,Domi,20222023,419,8477503,C,8,12051,303,"ARI,MTL,CBJ,CAR,DAL,CHI",571171
4388,False,187,51.7014,1831,3791,1960,Radek,19941995,,2,280,90,226,Bonk,20082009,122,8460105,C,14,5952,146,"MTL,NSH",262635
6495,True,509,43.8711,2143,3818,1675,Josh,20082009,,2,1057,701,535,Bailey,20222023,512,8474573,R,15,21937,622,NYI,1048996
7722,True,138,46.1679,2065,3836,1771,Pavel,20152016,,2,468,227,444,Zacha,20222023,299,8478401,C,8,9682,202,"NJD,BOS",444108
4092,False,93,52.4876,1824,3839,2015,Joe,19881989,,2,223,179,57,Sakic,20082009,202,8451101,C,20,5679,144,COL,266376
7344,True,237,52.6383,1858,3923,2065,Chandler,20152016,,2,420,122,306,Stephenson,20222023,172,8476905,C,8,8169,210,"WSH,VGK",395842
5838,False,376,50.1781,1958,3930,1972,Torrey,20072008,,2,666,251,655,Mitchell,20172018,250,8471338,C,10,12744,253,"SJS,MIN,BUF,MTL,LAK",499903
6007,False,232,55.3979,1760,3946,2186,Vladimir,20072008,,2,548,80,985,Sobotka,20192020,268,8471743,C,11,11174,154,"BOS,STL,BUF",476814
4385,False,204,58.8295,1625,3947,2322,Scott,19951996,,2,454,68,751,Nichol,20122013,159,8459687,C,13,8033,148,"NSH,SJS,STL",309452
6586,True,259,52.2343,1892,3961,2069,Derek,20122013,,2,427,93,471,Grant,20222023,222,8474683,C,10,7939,123,"OTT,CGY,NSH,BUF,ANA,PIT,PHI",322920
4175,False,84,51.3601,1949,4007,2058,Keith,19911992,,2,345,194,417,Tkachuk,20092010,335,8458229,L,18,8296,113,"STL,ATL",345302
4370,False,304,50.6155,2006,4062,2056,Todd,19931994,,2,439,105,527,Marchant,20102011,194,8459587,C,17,9419,186,"CBJ,ANA",399244
6870,True,209,48.0383,2119,4078,1959,Calle,20132014,,2,647,130,356,Jarnkrok,20222023,358,8475714,C,10,14163,208,"NSH,SEA,CGY,TOR",597061
7745,True,184,48.663,2131,4151,2020,Dylan,20162017,,2,354,146,85,Strome,20222023,207,8478440,C,7,6804,201,"ARI,CHI,WSH",343668
4098,False,107,57.2212,1795,4196,2401,Mike,19901991,,2,220,150,151,Sillinger,20082009,192,8451359,C,17,5435,114,"STL,NSH,NYI",250226
8119,True,188,47.2808,2249,4266,2017,Nick,20192020,,2,291,201,273,Suzuki,20222023,194,8480018,C,4,6514,153,MTL,333906
4148,False,100,50.7223,2115,4292,2177,Robert,19921993,,2,343,257,125,Lang,20092010,259,8456966,C,16,7339,135,"DET,CHI,MTL,PHX",344472
5292,False,413,53.4479,2005,4307,2302,Jussi,20052006,,2,951,483,421,Jokinen,20172018,579,8469638,L,13,20052,373,"DAL,TBL,CAR,PIT,FLA,CBJ,LAK,VAN,EDM",899973
7777,True,247,49.2361,2193,4320,2127,Anthony,20172018,,2,352,90,373,Cirelli,20222023,218,8478519,C,6,7753,229,TBL,357001
4910,False,296,45.6993,2380,4383,2003,Tim,19992000,,2,372,245,128,Connolly,20112012,295,8467878,C,11,8645,149,"BUF,TOR",400457
5025,False,135,55.7362,1960,4428,2468,Andy,20002001,,2,491,227,233,McDonald,20122013,444,8468434,C,12,11685,181,"ANA,STL",531539
7795,True,218,54.9391,1998,4434,2436,Derek,20152016,,2,500,212,223,Ryan,20222023,244,8478585,C,8,9513,268,"CAR,CGY,EDM",401321
7483,True,285,51.2497,2165,4441,2276,Andrew,20142015,,2,565,230,547,Copp,20222023,276,8477429,C,9,11188,201,"WPG,NYR,DET",502375
5024,False,238,48.8814,2285,4470,2185,Steve,19992000,,2,394,163,142,Reinprecht,20102011,209,8468432,C,11,8290,174,"PHX,CGY,FLA",369963
6819,False,330,50.4807,2215,4473,2258,Marcus,20102011,,2,520,94,256,Kruger,20182019,164,8475323,C,9,10716,170,"CHI,CAR",411213
5904,False,184,55.5975,1999,4502,2503,Rich,20062007,,2,442,189,166,Peverley,20132014,313,8471514,C,8,8981,242,"NSH,ATL,BOS,DAL",429669
7306,True,278,49.7791,2273,4526,2253,Scott,20122013,,2,519,218,986,Laughton,20222023,238,8476872,C,10,10393,207,PHI,443470
7103,True,207,50.1417,2287,4587,2300,Sean,20162017,,2,418,143,952,Kuraly,20222023,219,8476374,C,7,7950,185,"BOS,CBJ",350405
5257,False,304,48.8487,2377,4647,2270,Patrick,20022003,,2,895,305,680,Sharp,20172018,867,8469544,L,15,20266,482,"CHI,PHI,DAL",934105
5472,False,299,56.1366,2055,4685,2630,Jim,20052006,,2,584,120,913,Slater,20142015,257,8470289,C,10,9481,197,"ATL,WPG",387381
6038,True,332,50.7967,2316,4707,2391,Darren,20072008,,2,823,252,1286,Helm,20222023,489,8471794,C,16,16805,348,"DET,COL",700536
5659,False,392,50.7222,2320,4708,2388,John,20082009,,2,548,169,822,Mitchell,20162017,287,8470750,C,9,10328,233,"TOR,NYR,COL",474651
6827,True,282,51.8315,2275,4723,2448,Nic,20152016,,2,436,132,830,Dowd,20222023,175,8475343,C,8,7592,183,"LAK,VAN,WSH",321946
5138,False,242,49.6521,2388,4743,2355,Matthew,20032004,,2,457,192,340,Lombardi,20122013,295,8468695,C,9,9959,183,"CGY,PHX,NSH,TOR,ANA",444278
4429,False,184,42.9142,2715,4756,2041,Patrik,19951996,,2,682,433,401,Elias,20152016,590,8460542,C,20,16397,286,NJD,753805
4056,False,125,57.4274,2052,4820,2768,Bobby,19901991,,2,290,128,541,Holik,20082009,175,8447958,C,18,6080,208,"ATL,NJD",262163
7163,False,167,50.1135,2417,4845,2428,Victor,20142015,,2,506,211,281,Rask,20212022,307,8476437,C,8,10004,237,"CAR,MIN,SEA",454380
7889,True,148,51.5377,2348,4845,2497,David,20172018,,2,399,94,319,Kampf,20222023,158,8480144,C,6,7942,200,"CHI,TOR",345049
7504,True,380,48.2716,2529,4889,2360,J.T.,20162017,,2,423,121,225,Compher,20222023,249,8477456,L,7,9208,137,COL,432144
5608,False,271,50.7441,2416,4905,2489,Maxim,20052006,,2,614,123,1299,Lapierre,20142015,269,8470654,C,10,10622,177,"MTL,ANA,VAN,STL,PIT",444550
4050,False,132,57.9032,2088,4960,2872,Kris,19901991,,2,433,110,481,Draper,20102011,203,8446485,C,20,9239,158,DET,370032
5426,False,429,46.1431,2709,5030,2321,Max,20052006,,2,704,157,1099,Talbot,20152016,245,8470171,C,11,13565,239,"PIT,PHI,COL,BOS",603710
7739,True,154,49.9508,2545,5085,2540,Sebastian,20162017,,2,520,412,409,Aho,20222023,609,8478427,C,7,11980,415,CAR,587831
4972,False,281,52.8662,2442,5181,2739,Derek,20012002,,2,598,116,1500,MacKenzie,20182019,232,8468001,C,16,10188,223,"ATL,CBJ,FLA",405155
4568,False,320,50.0288,2601,5205,2604,Dainius,19961997,,2,754,293,956,Zubrus,20152016,402,8464977,C,19,16848,301,"WSH,BUF,NJD,SJS",763541
5007,False,381,55.1724,2340,5220,2880,Jerred,20022003,,2,576,139,919,Smithson,20132014,170,8468162,C,11,11466,219,"NSH,FLA,EDM,TOR",433771
4744,False,172,49.6656,2634,5233,2599,Todd,19971998,,2,377,159,143,White,20102011,181,8466392,C,13,8388,265,"MIN,ATL,NYR",380930
6884,False,276,49.4951,2651,5249,2598,Johan,20122013,,2,488,136,720,Larsson,20212022,261,8475728,L,10,9507,183,"MIN,BUF,ARI,WSH",430051
5217,False,284,58.3491,2195,5270,3075,David,20052006,,2,425,143,634,Steckel,20132014,165,8469483,C,9,7783,168,"WSH,NJD,TOR,ANA",317974
4566,False,125,49.2334,2682,5283,2601,Daniel,19971998,,2,619,269,279,Bri√®re,20142015,420,8464975,C,17,12755,236,"BUF,PHI,MTL,COL",624666
4807,False,391,51.1445,2604,5330,2726,Blair,20012002,,2,442,92,498,Betts,20102011,148,8467361,C,9,8351,169,"NYR,PHI",319870
7677,True,243,49.4072,2731,5398,2667,Brayden,20162017,,2,499,166,255,Point,20222023,462,8478010,C,7,10967,262,TBL,566743
7840,True,264,45.4058,2953,5409,2456,Pierre-Luc,20172018,,2,434,228,569,Dubois,20222023,413,8479400,L,6,9354,190,"CBJ,WPG",458575
6359,True,320,48.4586,2792,5417,2625,Riley,20112012,,2,627,134,636,Nash,20212022,249,8474062,C,11,11583,385,"CAR,BOS,CBJ,ARI,WPG,TBL",494679
5784,False,396,47.8698,2851,5469,2618,Carl,20122013,,2,597,169,505,Soderberg,20202021,382,8471262,C,9,12280,258,"BOS,COL,ARI,CHI",575330
4340,False,157,49.7097,2772,5512,2740,Brendan,19971998,,2,463,230,171,Morrison,20112012,283,8459461,C,14,9544,254,"VAN,DAL,ANA,WSH,CGY,CHI",456636
7217,True,379,53.0645,2619,5580,2961,J.T.,20122013,,2,718,448,1279,Miller,20222023,592,8476468,C,11,15969,411,"NYR,TBL,VAN",741701
7767,True,257,47.021,2970,5606,2636,Joel,20162017,,2,421,76,729,Eriksson Ek,20222023,259,8478493,C,7,8349,152,MIN,404570
5065,False,270,54.9096,2544,5642,3098,Steve,20022003,,2,749,282,2205,Ott,20162017,422,8468505,C,14,15353,216,"DAL,BUF,STL,DET,MTL",683452
4100,False,134,54.8666,2555,5661,3106,Mats,19901991,,2,260,186,182,Sundin,20082009,367,8451774,C,18,6740,90,"TOR,VAN",306575
5294,False,498,48.0817,2950,5682,2732,Brooks,20032004,,2,771,295,938,Laich,20172018,457,8469639,C,13,16016,348,"WSH,TOR,LAK",713702
6964,True,493,48.7148,2933,5719,2786,Mikael,20122013,,2,750,345,587,Granlund,20222023,514,8475798,C,11,16806,385,"MIN,NSH,PIT",823528
4071,False,118,50.9427,2836,5781,2945,Mike,19891990,,2,398,372,113,Modano,20102011,380,8449645,C,21,8817,321,"DAL,DET",419734
5851,False,212,48.7443,3041,5933,2892,Mikhail,20062007,,2,534,322,272,Grabovski,20152016,450,8471362,C,10,10695,291,"MTL,TOR,WSH,NYI",518615
4482,False,289,45.3537,3299,6037,2738,Daymond,19951996,,2,465,300,411,Langkow,20112012,356,8462036,C,16,10622,341,"CGY,PHX",506802
7362,True,338,53.7928,2796,6051,3255,Colton,20132014,,2,537,159,903,Sissons,20222023,256,8476925,C,9,10827,165,NSH,470265
6918,True,224,48.986,3094,6065,2971,Nick,20122013,,2,618,248,996,Bjugstad,20222023,449,8475760,C,11,12299,264,"FLA,PIT,MIN,ARI,EDM",544675
7197,True,215,45.0353,3349,6093,2744,Ryan,20132014,,2,703,413,513,Strome,20222023,410,8476458,C,10,14520,315,"NYI,EDM,NYR,ANA",695109
5423,False,524,49.3648,3149,6219,3070,Gregory,20032004,,2,801,145,1302,Campbell,20152016,332,8470169,C,12,14003,191,"FLA,BOS,CBJ",602124
7672,True,310,52.3779,2984,6266,3282,Christian,20162017,,2,422,161,312,Dvorak,20222023,255,8477989,C,7,9298,121,"ARI,MTL",422346
7873,True,249,50.2679,3156,6346,3190,Nico,20172018,,2,381,165,252,Hischier,20222023,320,8480002,C,6,8929,257,NJD,416367
6277,False,200,52.1664,3036,6347,3311,Mark,20092010,,2,567,125,480,Letestu,20192020,284,8473914,C,11,11328,205,"PIT,CBJ,EDM,WPG",491313
7355,True,319,48.8892,3244,6347,3103,Chris,20142015,,2,597,354,265,Tierney,20222023,241,8476919,C,9,12254,284,"SJS,OTT,FLA,MTL",524017
7610,True,480,51.4164,3087,6354,3267,Pierre-Edouard,20142015,,2,660,171,595,Bellemare,20222023,306,8477930,L,9,11697,306,"PHI,VGK,COL,TBL",503389
6938,True,286,50.0786,3174,6358,3184,Riley,20112012,,2,637,177,383,Sheahan,20222023,288,8475772,C,12,12762,228,"DET,PIT,FLA,EDM,BUF,SEA",533758
6900,True,501,47.9267,3353,6439,3086,Charlie,20122013,,2,785,326,972,Coyle,20222023,499,8475745,C,11,16559,381,"MIN,BOS",780736
5773,False,214,46.0408,3489,6466,2977,Dave,20062007,,2,433,126,461,Bolland,20152016,208,8471245,C,10,10296,250,"CHI,TOR,FLA",420591
4121,False,251,51.6909,3157,6535,3378,Craig,19941995,,2,400,272,375,Conroy,20102011,211,8455919,C,16,9629,219,"LAK,CGY",383431
7724,True,223,47.319,3478,6602,3124,Connor,20152016,,2,569,494,375,McDavid,20222023,555,8478402,C,8,13171,563,EDM,742323
6637,True,280,49.9094,3319,6626,3307,Tyler,20122013,,2,671,246,538,Johnson,20222023,531,8474870,C,11,14157,204,"TBL,CHI",665379
6805,True,328,52.2854,3163,6629,3466,Erik,20132014,,2,614,186,557,Haula,20222023,408,8475287,L,10,11999,273,"MIN,VGK,FLA,CAR,NSH,BOS,NJD",537383
7333,True,442,51.6318,3216,6649,3433,Radek,20152016,,2,564,183,755,Faksa,20222023,326,8476889,C,8,12722,248,DAL,523202
6453,False,273,50.578,3292,6661,3369,Zack,20082009,,2,662,267,1318,Smith,20192020,427,8474250,C,12,13509,307,"OTT,CHI",585135
4965,False,540,48.8358,3428,6700,3272,Chris,20032004,,2,841,258,858,Kelly,20172018,380,8467967,C,14,16663,407,"OTT,BOS,ANA",733945
6923,True,207,46.4083,3596,6710,3114,Kevin,20142015,,2,634,387,490,Hayes,20222023,468,8475763,R,9,13955,371,"NYR,WPG,PHI",627299
6455,False,335,56.7238,2906,6715,3809,Jay,20082009,,2,646,109,782,Beagle,20212022,254,8474291,C,14,11916,192,"WSH,VAN,ARI",489475
4562,False,351,52.8257,3172,6724,3552,Marty,19981999,,2,564,168,280,Reasoner,20122013,287,8464967,C,14,10545,342,"EDM,BOS,ATL,FLA,NYI",475570
7158,True,625,54.0889,3099,6750,3651,Boone,20132014,,2,657,230,1500,Jenner,20222023,578,8476432,C,10,14468,302,CBJ,682732
7726,True,294,44.5168,3749,6757,3008,Jack,20152016,,2,476,392,355,Eichel,20222023,552,8478403,C,8,10676,277,"BUF,VGK",572255
4520,False,103,50.6574,3340,6769,3429,Marc,19971998,,2,386,334,143,Savard,20102011,335,8462118,C,13,9080,222,"ATL,BOS",457001
6188,False,285,47.6317,3549,6777,3228,Patrik,20082009,,2,717,166,914,Berglund,20182019,559,8473534,C,11,16151,305,"STL,BUF",679024
7824,True,443,52.6339,3219,6796,3577,Auston,20162017,,2,481,374,307,Matthews,20222023,749,8479318,C,7,11133,477,TOR,565508
6087,False,247,50.9729,3351,6835,3484,David,20092010,,2,524,147,201,Desharnais,20172018,170,8471976,C,9,10953,205,"MTL,EDM,NYR",494138
4898,False,401,53.9907,3159,6866,3707,Jeff,19992000,,2,608,187,486,Halpern,20132014,256,8467831,C,14,12954,263,"WSH,DAL,TBL,LAK,MTL,NYR,PHX",537067
4658,False,406,50.4603,3552,7170,3618,Patrick,19971998,,2,1221,834,1157,Marleau,20202021,1142,8466139,C,23,29543,618,"SJS,TOR,PIT",1374604
4438,False,426,54.9744,3254,7227,3973,Chris,19981999,,2,422,204,233,Drury,20102011,397,8460562,C,12,10086,256,"BUF,NYR",469925
5661,False,415,51.9523,3544,7376,3832,Brad,20052006,,2,869,220,874,Richardson,20212022,435,8470755,R,17,16986,300,"COL,LAK,VAN,ARI,NSH,CGY",702868
6700,True,379,47.298,3901,7402,3501,Brayden,20092010,,2,858,366,1798,Schenn,20222023,692,8475170,C,14,18506,384,"LAK,PHI,STL",899858
4313,False,133,50.0534,3740,7488,3748,Jason,19931994,,2,501,202,294,Arnott,20112012,471,8459429,C,18,11059,256,"DAL,NSH,WSH,NJD,STL",520258
5203,False,265,52.5226,3576,7532,3956,Marcel,20052006,,2,636,199,670,Goc,20142015,357,8469473,C,10,12792,288,"SJS,NSH,FLA,PIT,STL",535806
6343,True,316,45.4919,4111,7542,3431,Sam,20072008,,2,1015,458,430,Gagner,20222023,736,8474040,C,16,20258,331,"EDM,ARI,PHI,CBJ,VAN,DET,WPG",960130
6220,False,411,46.0566,4097,7595,3498,Artem,20082009,,2,771,177,397,Anisimov,20202021,559,8473573,C,13,16086,358,"NYR,CBJ,CHI,OTT",738549
6306,True,691,51.8742,3826,7950,4124,Jamie,20092010,,2,1030,738,1762,Benn,20222023,1036,8473994,L,14,25588,768,DAL,1118556
5570,False,610,50.257,3968,7977,4009,Brian,20072008,,2,871,185,1791,Boyle,20212022,508,8470619,C,14,15346,269,"LAK,NYR,TBL,TOR,NJD,NSH,FLA,PIT",674076
7320,True,461,53.1497,3741,7985,4244,Tomas,20132014,,2,664,342,712,Hertl,20222023,599,8476881,C,10,15421,404,SJS,707594
4038,False,231,59.3191,3250,7989,4739,Rod,19891990,,2,375,199,387,Brind'Amour,20092010,271,8445735,C,20,9331,196,CAR,454403
4739,False,350,51.7186,3891,8059,4168,John,19981999,,2,498,227,330,Madden,20112012,331,8466371,C,13,11656,363,"NJD,CHI,MIN,FLA",510731
7636,True,244,51.9545,3884,8084,4200,Dylan,20152016,,2,584,479,501,Larkin,20222023,623,8477946,C,8,13534,375,DET,676166
7273,True,673,55.671,3584,8085,4501,Luke,20132014,,2,706,126,1375,Glendening,20222023,330,8476822,C,10,14881,164,"DET,DAL",599254
7179,True,338,49.9816,4086,8169,4083,William,20142015,,2,615,256,353,Karlsson,20222023,463,8476448,C,9,12997,406,"CBJ,ANA,VGK",629092
7537,True,392,53.011,3839,8170,4331,Elias,20132014,,2,743,354,858,Lindholm,20222023,565,8477496,C,10,18023,426,"CAR,CGY",819697
6909,True,451,47.6361,4386,8376,3990,Brock,20132014,,2,758,364,549,Nelson,20222023,513,8475754,C,10,16301,409,NYI,757436
5667,False,621,52.871,3948,8377,4429,Nate,20062007,,2,844,199,1439,Thompson,20212022,317,8470775,C,15,16459,300,"BOS,NYI,TBL,ANA,LAK,OTT,MTL,PHI,WPG",656052
4522,False,447,51.2704,4085,8383,4298,Michal,19981999,,2,573,275,490,Handzus,20132014,267,8462129,C,15,13367,212,"PHI,CHI,LAK,SJS",570425
7116,True,354,51.7291,4048,8386,4338,Adam,20142015,,2,621,154,1697,Lowry,20222023,321,8476392,C,9,13439,264,WPG,558729
7551,True,399,46.1245,4518,8386,3868,Alex,20142015,,2,633,217,350,Wennberg,20222023,249,8477505,C,9,14075,360,"CBJ,FLA,SEA",653028
4603,False,296,52.7827,3962,8391,4429,Eric,20002001,,2,562,235,374,Belanger,20122013,415,8465050,C,12,13635,314,"LAK,CAR,ATL,MIN,WSH,PHX,EDM",556433
6898,True,198,44.0147,4733,8454,3721,Evgeny,20132014,,2,680,450,417,Kuznetsov,20222023,544,8475744,C,10,13799,364,WSH,713787
6957,True,326,53.4137,4019,8627,4608,Tyler,20102011,,2,901,511,748,Seguin,20222023,1028,8475794,C,13,21209,414,"BOS,DAL",986191
7233,True,367,53.3734,4036,8656,4620,Phillip,20142015,,2,553,262,628,Danault,20222023,332,8476479,C,9,12914,251,"CHI,MTL,LAK",564987
4627,False,225,53.0089,4201,8940,4739,Samuel,20002001,,2,526,139,1001,Pahlsson,20112012,282,8465192,C,11,12273,259,"ANA,CHI,CBJ,VAN",524596
5180,False,335,51.2823,4445,9124,4679,Stephen,20012002,,2,598,231,332,Weiss,20142015,399,8469457,C,13,14113,304,"FLA,DET",638243
7529,True,347,45.7243,4957,9133,4176,Nathan,20132014,,2,709,440,504,MacKinnon,20222023,879,8477492,C,10,16687,389,COL,851211
7189,True,415,44.2385,5115,9173,4058,Ryan,20112012,,2,801,434,577,Nugent-Hopkins,20222023,606,8476454,C,12,18710,544,EDM,934007
6774,True,534,51.4304,4465,9193,4728,Casey,20112012,,2,745,255,1503,Cizikas,20222023,296,8475231,C,12,14726,386,NYI,597035
6779,False,384,50.6989,4550,9229,4679,Cody,20112012,,2,701,303,668,Eakin,20212022,392,8475236,C,11,14550,396,"WSH,DAL,VGK,WPG,BUF",642450
4773,False,454,58.8546,3822,9289,5467,Manny,19981999,,2,645,176,568,Malhotra,20142015,317,8467334,C,16,14454,269,"CBJ,SJS,VAN,CAR,MTL",569047
7144,True,506,53.7628,4350,9408,5058,Jean-Gabriel,20122013,,2,636,281,1316,Pageau,20222023,399,8476419,C,11,14847,247,"OTT,NYI",634682
5106,False,420,53.3914,4391,9421,5030,Dominic,20032004,,2,892,278,645,Moore,20172018,473,8468575,C,13,17586,334,"NYR,MIN,PIT,TOR,BUF,FLA,MTL,TBL,SJS,BOS",734528
5610,False,618,49.9261,4740,9466,4726,David,20062007,,2,965,300,2710,Backes,20202021,824,8470655,R,15,23249,455,"STL,BOS,ANA",1003153
5417,False,608,55.9712,4225,9596,5371,Boyd,20032004,,2,665,135,293,Gordon,20162017,274,8470159,C,13,13844,236,"WSH,PHX,EDM,ARI,PHI",557227
4660,False,296,45.8574,5241,9680,4439,Olli,19971998,,2,754,455,732,Jokinen,20142015,842,8466140,C,17,17272,336,"FLA,PHX,CGY,NYR,WPG,STL,NSH,TOR",830626
4766,False,296,47.3085,5139,9753,4614,David,19981999,,2,774,396,298,Legwand,20152016,397,8467330,C,17,17737,431,"NSH,DET,OTT,BUF",787017
5325,False,501,52.2204,4691,9818,5127,Vernon,20022003,,2,841,188,660,Fiddler,20162017,453,8469759,C,14,17225,324,"NSH,PHX,DAL,NJD",681497
5220,False,390,48.9598,5054,9902,4848,Derek,20032004,,2,689,503,301,Roy,20142015,551,8469485,C,11,15335,419,"BUF,DAL,VAN,STL,EDM,NSH",759688
4793,False,202,50.6953,4893,9924,5031,Scott,19992000,,2,685,444,270,Gomez,20152016,523,8467351,C,16,15140,434,"NJD,NYR,MTL,SJS,FLA,STL,OTT",731311
5140,False,449,56.2877,4418,10107,5689,Paul,20022003,,2,726,184,1344,Gaustad,20152016,299,8468700,C,12,14568,183,"BUF,NSH",621317
6364,False,320,49.877,5092,10159,5067,Kyle,20072008,,2,776,349,367,Turris,20212022,566,8474068,C,14,16204,317,"PHX,OTT,NSH,EDM",770664
7112,True,374,52.5757,4870,10269,5399,Vincent,20132014,,2,637,460,1253,Trocheck,20222023,715,8476389,C,10,14327,433,"FLA,CAR,NYR",713690
7617,True,208,52.3023,4910,10294,5384,Leon,20142015,,2,638,704,380,Draisaitl,20222023,641,8477934,C,9,14433,545,EDM,783149
5678,False,571,49.8524,5266,10501,5235,Kyle,20052006,,2,917,264,773,Brodziak,20182019,499,8470803,C,14,18432,469,"EDM,MIN,STL",776210
6560,True,587,49.6673,5295,10520,5225,Adam,20102011,,2,830,305,700,Henrique,20222023,571,8474641,C,13,19409,399,"NJD,ANA",886213
6435,True,526,49.9668,5275,10543,5268,Lars,20092010,,2,954,440,1062,Eller,20222023,687,8474189,C,14,18972,464,"STL,MTL,WSH,COL",867235
5951,False,373,52.1054,5073,10592,5519,Martin,20072008,,2,673,216,1547,Hanzal,20182019,561,8471691,C,12,15583,305,"PHX,ARI,MIN,DAL",713996
6353,True,782,48.3396,5476,10600,5124,Logan,20092010,,2,927,513,765,Couture,20222023,956,8474053,C,14,22889,643,SJS,1017975
7203,True,370,52.0147,5097,10622,5525,Sean,20112012,,2,721,329,551,Couturier,20212022,549,8476461,C,11,17731,415,PHI,819126
6317,True,887,49.9203,5338,10659,5321,Nick,20092010,,2,823,258,315,Bonino,20222023,431,8474009,C,14,18040,475,"ANA,VAN,PIT,NSH,MIN,SJS",777718
4815,False,299,44.0384,6003,10727,4724,Mike,19992000,,2,877,646,873,Ribeiro,20162017,474,8467371,C,17,18368,475,"MTL,DAL,WSH,PHX,NSH",961689
6197,True,216,48.6988,5559,10836,5277,Derick,20072008,,2,1013,418,1479,Brassard,20222023,556,8473544,C,16,21163,426,"CBJ,NYR,OTT,PIT,COL,FLA,NYI,ARI,EDM,PHI",954094
5794,False,401,52.9369,5136,10913,5777,Brandon,20062007,,2,823,231,2158,Dubinsky,20182019,564,8471273,C,13,18386,384,"NYR,CBJ",846913
4323,False,229,52.7452,5164,10928,5764,Saku,19951996,,2,627,325,399,Koivu,20132014,357,8459442,C,18,14717,345,"MTL,ANA",672319
4874,False,339,54.6909,4955,10936,5981,Pavel,20012002,,2,744,539,558,Datsyuk,20152016,764,8467514,C,14,18367,926,DET,879941
5237,False,570,51.8789,5276,10964,5688,Jay,20052006,,2,906,283,816,McClement,20162017,395,8469508,C,12,18672,431,"STL,COL,TOR,CAR",781747
5567,False,466,49.6683,5539,11005,5466,Mike,20052006,,2,749,521,994,Richards,20152016,800,8470617,C,11,17868,448,"PHI,LAK,WSH",810924
6704,True,282,48.997,5670,11117,5447,Nazem,20092010,,2,821,500,1062,Kadri,20222023,919,8475172,C,14,18014,436,"TOR,COL,CGY",842591
4577,False,474,53.3866,5196,11147,5951,Matt,19971998,,2,1003,413,489,Cullen,20182019,675,8464989,C,21,21571,437,"CAR,NYR,OTT,MIN,NSH,PIT",940916
5419,False,481,49.2199,5663,11152,5489,Matt,20022003,,2,933,430,923,Stajan,20172018,425,8470162,C,15,19062,497,"TOR,CGY",834484
4823,False,346,50.4921,5533,11176,5643,Brad,20002001,,2,800,565,253,Richards,20152016,1022,8467389,C,15,18228,450,"TBL,DAL,NYR,CHI,DET",969369
7538,True,240,50.5366,5531,11182,5651,Sean,20132014,,2,681,378,407,Monahan,20222023,557,8477497,C,10,15730,462,"CGY,MTL",729029
4844,False,417,50.491,5546,11202,5656,Shawn,20002001,,2,740,442,442,Horcoff,20152016,470,8467423,C,15,17599,407,"EDM,DAL,ANA",802658
6374,False,492,49.7459,5735,11412,5677,Brandon,20082009,,2,770,217,613,Sutter,20202021,473,8474091,C,13,17792,392,"CAR,PIT,VAN",755157
5365,False,401,50.8301,5657,11505,5848,Valtteri,20052006,,2,1056,446,426,Filppula,20202021,495,8470047,C,16,23040,476,"DET,TBL,PHI,NYI",1067926
7201,True,428,46.3573,6207,11571,5364,Mark,20112012,,2,723,415,534,Scheifele,20222023,619,8476460,C,12,16584,549,WPG,866927
5408,False,696,48.531,6044,11743,5699,Frans,20062007,,2,925,365,535,Nielsen,20202021,604,8470144,C,15,20930,495,"NYI,DET",914006
6696,True,541,53.2892,5503,11781,6278,Matt,20092010,,2,976,579,594,Duchene,20222023,891,8475168,C,14,21667,603,"COL,OTT,CBJ,NSH",1071164
4764,False,251,49.9789,5914,11823,5909,Vincent,19981999,,2,745,428,941,Lecavalier,20152016,789,8467329,C,17,16995,330,"TBL,PHI,LAK",841884
5735,True,433,44.5794,6615,11936,5321,Evgeni,20062007,,2,1063,1041,650,Malkin,20222023,1197,8471215,C,17,23923,909,PIT,1259485
6481,True,440,50.1368,6015,12063,6048,Steven,20082009,,2,1003,553,1095,Stamkos,20222023,1253,8474564,C,15,22639,459,TBL,1157586
5086,False,531,55.5922,5388,12133,6745,Jarret,20022003,,2,800,297,1555,Stoll,20152016,621,8468526,C,13,18611,252,"EDM,LAK,MIN,NYR",796020
7199,True,466,49.6691,6161,12241,6080,Mika,20112012,,2,767,481,988,Zibanejad,20222023,870,8476459,C,12,17847,474,"OTT,NYR",836978
7531,True,421,52.3416,5933,12449,6516,Aleksander,20132014,,2,664,399,345,Barkov,20222023,510,8477493,C,10,16083,553,FLA,802770
6123,True,286,50.231,6248,12554,6306,Bryan,20072008,,2,843,245,555,Little,20192020,531,8473412,C,13,19353,454,"ATL,WPG",910008
4981,False,322,51.1714,6336,12976,6640,Henrik,20022003,,2,942,604,512,Zetterberg,20172018,1135,8468083,C,15,23210,575,DET,1127049
7543,True,437,53.9811,6005,13049,7044,Bo,20142015,,2,651,228,573,Horvat,20222023,491,8477500,C,9,16060,250,"VAN,NYI",727143
6411,True,403,48.925,6723,13163,6440,Mikael,20082009,,2,908,542,683,Backlund,20222023,797,8474150,C,15,20761,727,CGY,926318
6543,True,476,46.5443,7046,13181,6135,Derek,20102011,,2,890,356,630,Stepan,20222023,680,8474613,C,13,20126,519,"NYR,ARI,OTT,CAR",911885
6955,True,330,53.3788,6223,13348,7125,Ryan,20112012,,2,842,420,885,Johansen,20222023,531,8475793,C,12,18769,409,"CBJ,NSH",880239
6653,False,393,53.5546,6213,13377,7164,Tyler,20092010,,2,814,341,719,Bozak,20212022,446,8475098,C,13,18543,479,"TOR,STL",851918
4813,False,827,51.3952,6654,13690,7036,Mike,19992000,,2,856,363,1872,Fisher,20172018,685,8467370,C,18,20094,429,"OTT,NSH",943281
5798,True,572,50.7226,6888,13978,7090,David,20062007,,2,1032,492,729,Krejci,20222023,698,8471276,C,16,21913,493,BOS,1104297
5675,True,1069,54.56,6527,14364,7837,Joe,20062007,,2,1250,801,1305,Pavelski,20222023,1414,8470794,C,17,30535,720,"SJS,DAL",1400959
5092,False,550,56.6665,6809,15713,8904,Antoine,20032004,,2,989,392,935,Vermette,20172018,588,8468535,C,14,23251,404,"OTT,CBJ,PHX,ARI,CHI,ANA",1015469
4656,False,406,53.5845,7342,15818,8476,Joe,19971998,,2,1205,1249,786,Thornton,20212022,703,8466138,C,24,28822,962,"SJS,BOS,TOR,FLA",1346912
4907,False,217,49.1361,8390,16495,8105,Henrik,20002001,,2,1012,556,266,Sedin,20172018,499,8467876,C,17,24060,373,VAN,1137348
5758,False,423,53.4663,7813,16790,8977,Travis,20062007,,2,1037,326,824,Zajac,20202021,583,8471233,C,15,24688,651,"NJD,NYI",1161010
5177,False,339,53.6833,7790,16819,9029,Jason,20022003,,2,1137,975,296,Spezza,20212022,1084,8469455,C,19,23942,645,"OTT,DAL,TOR",1138921
5565,False,855,54.5939,7670,16892,9222,Ryan,20032004,,2,973,336,1480,Kesler,20182019,997,8470616,C,15,24371,601,"VAN,ANA",1113203
5543,True,631,51.2791,8342,17122,8780,Jeff,20052006,,2,1249,662,1083,Carter,20222023,1548,8470604,C,18,29046,562,"PHI,CBJ,LAK,PIT",1328194
5557,False,1006,49.2979,8919,17591,8672,Ryan,20052006,,2,1157,1086,1980,Getzlaf,20212022,1200,8470612,C,17,27214,732,ANA,1353032
6209,True,647,50.1215,8825,17693,8868,Nicklas,20072008,,2,1097,612,769,Backstrom,20222023,867,8473563,C,16,24312,754,WSH,1278655
5244,False,548,49.8579,8996,17941,8945,Tomas,20032004,,2,999,515,615,Plekanec,20182019,794,8469521,C,15,24130,497,"MTL,TOR",1080536
6692,True,427,53.1349,8596,18342,9746,John,20092010,,2,1029,936,662,Tavares,20222023,1211,8475166,C,14,22874,792,"NYI,TOR",1203095
6680,True,540,55.7962,8183,18512,10329,Ryan,20092010,,2,991,366,408,O'Reilly,20222023,626,8475158,C,14,24288,929,"COL,BUF,STL,TOR",1164363
6180,True,432,55.956,8201,18620,10419,Claude,20072008,,2,1100,545,990,Giroux,20222023,1040,8473512,R,16,27700,575,"PHI,FLA,OTT",1289062
5924,True,579,53.8107,8618,18658,10040,Paul,20062007,,2,1145,351,627,Stastny,20222023,751,8471669,C,17,27084,647,"COL,STL,WPG,VGK,CAR",1267095
5183,False,558,53.6467,8974,19360,10386,Mikko,20052006,,2,1035,482,627,Koivu,20202021,841,8469459,C,16,25889,702,"MIN,CBJ",1188322
6186,True,541,53.0416,9109,19398,10289,Jordan,20062007,,2,1173,563,2209,Staal,20222023,928,8473533,C,17,28604,663,"PIT,CAR",1293557
5525,True,529,48.3313,10450,20225,9775,Eric,20032004,,2,1284,677,924,Staal,20222023,1455,8470595,C,18,31035,830,"CAR,NYR,MIN,MTL,BUF,FLA",1484832
6237,True,384,57.3191,8925,20911,11986,Jonathan,20072008,,2,1067,460,629,Toews,20222023,695,8473604,C,15,26567,841,CHI,1255011
5946,True,898,53.0375,11294,24049,12755,Anze,20062007,,2,1292,833,1195,Kopitar,20222023,1263,8471685,C,17,32497,752,LAK,1626405
5592,True,847,58.1683,10670,25507,14837,Patrice,20032004,,2,1223,448,972,Bergeron,20222023,1374,8470638,C,19,30189,811,BOS,1380768
5929,True,586,52.1803,12425,25983,13558,Sidney,20052006,,2,1190,964,1013,Crosby,20222023,1278,8471675,C,18,29095,670,PIT,1480165
