league,champion,picked_count,games_count,pick_percent,ban_count,ban_percent,pick_or_ban,pick_ban_pct,pick_rate,ban_rate,win_count,win_percent
CBLOL,Aatrox,9.0,112.0,0.08035714285714286,17.0,0.15178571428571427,26.0,0.23214285714285715,8.035714285714286,15.178571428571427,6,0.6666666666666666
CBLOL,Ahri,2.0,112.0,0.017857142857142856,0.0,0.0,2.0,0.017857142857142856,1.7857142857142856,0.0,1,0.5
CBLOL,Akali,2.0,112.0,0.017857142857142856,20.0,0.17857142857142858,22.0,0.19642857142857142,1.7857142857142856,17.857142857142858,1,0.5
CBLOL,Alistar,44.0,112.0,0.39285714285714285,24.0,0.21428571428571427,68.0,0.6071428571428571,39.285714285714285,21.428571428571427,26,0.5909090909090909
CBLOL,Anivia,1.0,112.0,0.008928571428571428,0.0,0.0,1.0,0.008928571428571428,0.8928571428571428,0.0,1,1.0
CBLOL,Aphelios,34.0,112.0,0.30357142857142855,27.0,0.24107142857142858,61.0,0.5446428571428571,30.357142857142854,24.107142857142858,20,0.5882352941176471
CBLOL,Ashe,1.0,112.0,0.008928571428571428,0.0,0.0,1.0,0.008928571428571428,0.8928571428571428,0.0,0,0.0
CBLOL,Azir,28.0,112.0,0.25,28.0,0.25,56.0,0.5,25.0,25.0,14,0.5
CBLOL,Bard,1.0,112.0,0.008928571428571428,0.0,0.0,1.0,0.008928571428571428,0.8928571428571428,0.0,0,0.0
CBLOL,Blitzcrank,1.0,112.0,0.008928571428571428,0.0,0.0,1.0,0.008928571428571428,0.8928571428571428,0.0,0,0.0
CBLOL,Braum,5.0,112.0,0.044642857142857144,4.0,0.03571428571428571,9.0,0.08035714285714286,4.464285714285714,3.571428571428571,3,0.6
CBLOL,Caitlyn,4.0,112.0,0.03571428571428571,1.0,0.008928571428571428,5.0,0.044642857142857144,3.571428571428571,0.8928571428571428,1,0.25
CBLOL,Camille,20.0,112.0,0.17857142857142858,70.0,0.625,90.0,0.8035714285714286,17.857142857142858,62.5,17,0.85
CBLOL,Cho'Gath,2.0,112.0,0.017857142857142856,1.0,0.008928571428571428,3.0,0.026785714285714284,1.7857142857142856,0.8928571428571428,1,0.5
CBLOL,Corki,1.0,112.0,0.008928571428571428,0.0,0.0,1.0,0.008928571428571428,0.8928571428571428,0.0,0,0.0
CBLOL,Dr. Mundo,6.0,112.0,0.05357142857142857,2.0,0.017857142857142856,8.0,0.07142857142857142,5.357142857142857,1.7857142857142856,4,0.6666666666666666
CBLOL,Draven,4.0,112.0,0.03571428571428571,2.0,0.017857142857142856,6.0,0.05357142857142857,3.571428571428571,1.7857142857142856,4,1.0
CBLOL,Ekko,1.0,112.0,0.008928571428571428,4.0,0.03571428571428571,5.0,0.044642857142857144,0.8928571428571428,3.571428571428571,1,1.0
CBLOL,Elise,2.0,112.0,0.017857142857142856,2.0,0.017857142857142856,4.0,0.03571428571428571,1.7857142857142856,1.7857142857142856,1,0.5
CBLOL,Ezreal,6.0,112.0,0.05357142857142857,9.0,0.08035714285714286,15.0,0.13392857142857142,5.357142857142857,8.035714285714286,2,0.3333333333333333
CBLOL,Fiora,3.0,112.0,0.026785714285714284,0.0,0.0,3.0,0.026785714285714284,2.6785714285714284,0.0,1,0.3333333333333333
CBLOL,Galio,21.0,112.0,0.1875,27.0,0.24107142857142858,48.0,0.42857142857142855,18.75,24.107142857142858,13,0.6190476190476191
CBLOL,Gangplank,9.0,112.0,0.08035714285714286,5.0,0.044642857142857144,14.0,0.125,8.035714285714286,4.464285714285714,1,0.1111111111111111
CBLOL,Gnar,38.0,112.0,0.3392857142857143,30.0,0.26785714285714285,68.0,0.6071428571428571,33.92857142857143,26.785714285714285,26,0.6842105263157895
CBLOL,Gragas,29.0,112.0,0.25892857142857145,13.0,0.11607142857142858,42.0,0.375,25.892857142857146,11.607142857142858,9,0.3103448275862069
CBLOL,Graves,30.0,112.0,0.26785714285714285,10.0,0.08928571428571429,40.0,0.35714285714285715,26.785714285714285,8.928571428571429,14,0.4666666666666667
CBLOL,Hecarim,29.0,112.0,0.25892857142857145,23.0,0.20535714285714285,52.0,0.4642857142857143,25.892857142857146,20.535714285714285,17,0.5862068965517241
CBLOL,Irelia,9.0,112.0,0.08035714285714286,31.0,0.2767857142857143,40.0,0.35714285714285715,8.035714285714286,27.67857142857143,5,0.5555555555555556
CBLOL,Ivern,1.0,112.0,0.008928571428571428,1.0,0.008928571428571428,2.0,0.017857142857142856,0.8928571428571428,0.8928571428571428,1,1.0
CBLOL,Janna,1.0,112.0,0.008928571428571428,1.0,0.008928571428571428,2.0,0.017857142857142856,0.8928571428571428,0.8928571428571428,1,1.0
CBLOL,Jarvan IV,3.0,112.0,0.026785714285714284,1.0,0.008928571428571428,4.0,0.03571428571428571,2.6785714285714284,0.8928571428571428,1,0.3333333333333333
CBLOL,Jax,1.0,112.0,0.008928571428571428,0.0,0.0,1.0,0.008928571428571428,0.8928571428571428,0.0,1,1.0
CBLOL,Jayce,14.0,112.0,0.125,32.0,0.2857142857142857,46.0,0.4107142857142857,12.5,28.57142857142857,5,0.35714285714285715
CBLOL,Jhin,25.0,112.0,0.22321428571428573,9.0,0.08035714285714286,34.0,0.30357142857142855,22.321428571428573,8.035714285714286,13,0.52
CBLOL,Jinx,17.0,112.0,0.15178571428571427,1.0,0.008928571428571428,18.0,0.16071428571428573,15.178571428571427,0.8928571428571428,10,0.5882352941176471
CBLOL,Kai'Sa,52.0,112.0,0.4642857142857143,41.0,0.36607142857142855,93.0,0.8303571428571429,46.42857142857143,36.607142857142854,30,0.5769230769230769
CBLOL,Kalista,4.0,112.0,0.03571428571428571,1.0,0.008928571428571428,5.0,0.044642857142857144,3.571428571428571,0.8928571428571428,2,0.5
CBLOL,Karma,2.0,112.0,0.017857142857142856,2.0,0.017857142857142856,4.0,0.03571428571428571,1.7857142857142856,1.7857142857142856,1,0.5
CBLOL,Karthus,2.0,112.0,0.017857142857142856,0.0,0.0,2.0,0.017857142857142856,1.7857142857142856,0.0,0,0.0
CBLOL,Kassadin,2.0,112.0,0.017857142857142856,1.0,0.008928571428571428,3.0,0.026785714285714284,1.7857142857142856,0.8928571428571428,1,0.5
CBLOL,Kayn,1.0,112.0,0.008928571428571428,0.0,0.0,1.0,0.008928571428571428,0.8928571428571428,0.0,1,1.0
CBLOL,Kennen,3.0,112.0,0.026785714285714284,2.0,0.017857142857142856,5.0,0.044642857142857144,2.6785714285714284,1.7857142857142856,2,0.6666666666666666
CBLOL,Kindred,3.0,112.0,0.026785714285714284,0.0,0.0,3.0,0.026785714285714284,2.6785714285714284,0.0,1,0.3333333333333333
CBLOL,LeBlanc,2.0,112.0,0.017857142857142856,4.0,0.03571428571428571,6.0,0.05357142857142857,1.7857142857142856,3.571428571428571,0,0.0
CBLOL,Lee Sin,1.0,112.0,0.008928571428571428,3.0,0.026785714285714284,4.0,0.03571428571428571,0.8928571428571428,2.6785714285714284,1,1.0
CBLOL,Leona,36.0,112.0,0.32142857142857145,13.0,0.11607142857142858,49.0,0.4375,32.142857142857146,11.607142857142858,25,0.6944444444444444
CBLOL,Lillia,29.0,112.0,0.25892857142857145,33.0,0.29464285714285715,62.0,0.5535714285714286,25.892857142857146,29.464285714285715,18,0.6206896551724138
CBLOL,Lucian,13.0,112.0,0.11607142857142858,18.0,0.16071428571428573,31.0,0.2767857142857143,11.607142857142858,16.071428571428573,4,0.3076923076923077
CBLOL,Lulu,1.0,112.0,0.008928571428571428,0.0,0.0,1.0,0.008928571428571428,0.8928571428571428,0.0,1,1.0
CBLOL,Malphite,5.0,112.0,0.044642857142857144,4.0,0.03571428571428571,9.0,0.08035714285714286,4.464285714285714,3.571428571428571,2,0.4
CBLOL,Maokai,1.0,112.0,0.008928571428571428,1.0,0.008928571428571428,2.0,0.017857142857142856,0.8928571428571428,0.8928571428571428,0,0.0
CBLOL,Miss Fortune,9.0,112.0,0.08035714285714286,9.0,0.08035714285714286,18.0,0.16071428571428573,8.035714285714286,8.035714285714286,5,0.5555555555555556
CBLOL,Mordekaiser,3.0,112.0,0.026785714285714284,0.0,0.0,3.0,0.026785714285714284,2.6785714285714284,0.0,1,0.3333333333333333
CBLOL,Nautilus,24.0,112.0,0.21428571428571427,2.0,0.017857142857142856,26.0,0.23214285714285715,21.428571428571427,1.7857142857142856,6,0.25
CBLOL,Nidalee,21.0,112.0,0.1875,9.0,0.08035714285714286,30.0,0.26785714285714285,18.75,8.035714285714286,8,0.38095238095238093
CBLOL,Nocturne,1.0,112.0,0.008928571428571428,1.0,0.008928571428571428,2.0,0.017857142857142856,0.8928571428571428,0.8928571428571428,0,0.0
CBLOL,Olaf,18.0,112.0,0.16071428571428573,53.0,0.4732142857142857,71.0,0.6339285714285714,16.071428571428573,47.32142857142857,7,0.3888888888888889
CBLOL,Orianna,37.0,112.0,0.33035714285714285,39.0,0.3482142857142857,76.0,0.6785714285714286,33.035714285714285,34.82142857142857,22,0.5945945945945946
CBLOL,Ornn,9.0,112.0,0.08035714285714286,4.0,0.03571428571428571,13.0,0.11607142857142858,8.035714285714286,3.571428571428571,4,0.4444444444444444
CBLOL,Pantheon,1.0,112.0,0.008928571428571428,40.0,0.35714285714285715,41.0,0.36607142857142855,0.8928571428571428,35.714285714285715,0,0.0
CBLOL,Quinn,2.0,112.0,0.017857142857142856,0.0,0.0,2.0,0.017857142857142856,1.7857142857142856,0.0,1,0.5
CBLOL,Rakan,6.0,112.0,0.05357142857142857,2.0,0.017857142857142856,8.0,0.07142857142857142,5.357142857142857,1.7857142857142856,3,0.5
CBLOL,Rell,47.0,112.0,0.41964285714285715,25.0,0.22321428571428573,72.0,0.6428571428571429,41.964285714285715,22.321428571428573,21,0.44680851063829785
CBLOL,Renekton,30.0,112.0,0.26785714285714285,50.0,0.44642857142857145,80.0,0.7142857142857143,26.785714285714285,44.642857142857146,15,0.5
CBLOL,Riven,1.0,112.0,0.008928571428571428,0.0,0.0,1.0,0.008928571428571428,0.8928571428571428,0.0,0,0.0
CBLOL,Rumble,6.0,112.0,0.05357142857142857,2.0,0.017857142857142856,8.0,0.07142857142857142,5.357142857142857,1.7857142857142856,2,0.3333333333333333
CBLOL,Ryze,12.0,112.0,0.10714285714285714,7.0,0.0625,19.0,0.16964285714285715,10.714285714285714,6.25,7,0.5833333333333334
CBLOL,Samira,10.0,112.0,0.08928571428571429,11.0,0.09821428571428571,21.0,0.1875,8.928571428571429,9.821428571428571,2,0.2
CBLOL,Sejuani,2.0,112.0,0.017857142857142856,1.0,0.008928571428571428,3.0,0.026785714285714284,1.7857142857142856,0.8928571428571428,0,0.0
CBLOL,Senna,17.0,112.0,0.15178571428571427,46.0,0.4107142857142857,63.0,0.5625,15.178571428571427,41.07142857142857,10,0.5882352941176471
CBLOL,Seraphine,13.0,112.0,0.11607142857142858,26.0,0.23214285714285715,39.0,0.3482142857142857,11.607142857142858,23.214285714285715,5,0.38461538461538464
CBLOL,Sett,8.0,112.0,0.07142857142857142,6.0,0.05357142857142857,14.0,0.125,7.142857142857142,5.357142857142857,3,0.375
CBLOL,Shyvana,1.0,112.0,0.008928571428571428,0.0,0.0,1.0,0.008928571428571428,0.8928571428571428,0.0,1,1.0
CBLOL,Sion,10.0,112.0,0.08928571428571429,9.0,0.08035714285714286,19.0,0.16964285714285715,8.928571428571429,8.035714285714286,3,0.3
CBLOL,Sivir,4.0,112.0,0.03571428571428571,1.0,0.008928571428571428,5.0,0.044642857142857144,3.571428571428571,0.8928571428571428,3,0.75
CBLOL,Skarner,5.0,112.0,0.044642857142857144,1.0,0.008928571428571428,6.0,0.05357142857142857,4.464285714285714,0.8928571428571428,3,0.6
CBLOL,Sylas,11.0,112.0,0.09821428571428571,13.0,0.11607142857142858,24.0,0.21428571428571427,9.821428571428571,11.607142857142858,4,0.36363636363636365
CBLOL,Syndra,26.0,112.0,0.23214285714285715,22.0,0.19642857142857142,48.0,0.42857142857142855,23.214285714285715,19.642857142857142,9,0.34615384615384615
CBLOL,Tahm Kench,10.0,112.0,0.08928571428571429,2.0,0.017857142857142856,12.0,0.10714285714285714,8.928571428571429,1.7857142857142856,7,0.7
CBLOL,Taliyah,15.0,112.0,0.13392857142857142,17.0,0.15178571428571427,32.0,0.2857142857142857,13.392857142857142,15.178571428571427,7,0.4666666666666667
CBLOL,Thresh,28.0,112.0,0.25,33.0,0.29464285714285715,61.0,0.5446428571428571,25.0,29.464285714285715,13,0.4642857142857143
CBLOL,Tristana,10.0,112.0,0.08928571428571429,25.0,0.22321428571428573,35.0,0.3125,8.928571428571429,22.321428571428573,4,0.4
CBLOL,Twisted Fate,12.0,112.0,0.10714285714285714,19.0,0.16964285714285715,31.0,0.2767857142857143,10.714285714285714,16.964285714285715,6,0.5
CBLOL,Udyr,42.0,112.0,0.375,43.0,0.38392857142857145,85.0,0.7589285714285714,37.5,38.392857142857146,22,0.5238095238095238
CBLOL,Urgot,1.0,112.0,0.008928571428571428,2.0,0.017857142857142856,3.0,0.026785714285714284,0.8928571428571428,1.7857142857142856,1,1.0
CBLOL,Varus,3.0,112.0,0.026785714285714284,2.0,0.017857142857142856,5.0,0.044642857142857144,2.6785714285714284,1.7857142857142856,0,0.0
CBLOL,Vayne,1.0,112.0,0.008928571428571428,1.0,0.008928571428571428,2.0,0.017857142857142856,0.8928571428571428,0.8928571428571428,1,1.0
CBLOL,Vel'Koz,2.0,112.0,0.017857142857142856,0.0,0.0,2.0,0.017857142857142856,1.7857142857142856,0.0,1,0.5
CBLOL,Viktor,17.0,112.0,0.15178571428571427,8.0,0.07142857142857142,25.0,0.22321428571428573,15.178571428571427,7.142857142857142,8,0.47058823529411764
CBLOL,Vladimir,2.0,112.0,0.017857142857142856,0.0,0.0,2.0,0.017857142857142856,1.7857142857142856,0.0,0,0.0
CBLOL,Volibear,21.0,112.0,0.1875,15.0,0.13392857142857142,36.0,0.32142857142857145,18.75,13.392857142857142,8,0.38095238095238093
CBLOL,Wukong,5.0,112.0,0.044642857142857144,2.0,0.017857142857142856,7.0,0.0625,4.464285714285714,1.7857142857142856,2,0.4
CBLOL,Xayah,24.0,112.0,0.21428571428571427,8.0,0.07142857142857142,32.0,0.2857142857142857,21.428571428571427,7.142857142857142,8,0.3333333333333333
CBLOL,Yone,10.0,112.0,0.08928571428571429,15.0,0.13392857142857142,25.0,0.22321428571428573,8.928571428571429,13.392857142857142,5,0.5
CBLOL,Zoe,22.0,112.0,0.19642857142857142,28.0,0.25,50.0,0.44642857142857145,19.642857142857142,25.0,12,0.5454545454545454
LCK,Aatrox,31.0,233.0,0.13304721030042918,34.0,0.1459227467811159,65.0,0.27896995708154504,13.304721030042918,14.592274678111588,14,0.45161290322580644
LCK,Akali,7.0,233.0,0.030042918454935622,34.0,0.1459227467811159,41.0,0.1759656652360515,3.004291845493562,14.592274678111588,5,0.7142857142857143
LCK,Alistar,96.0,233.0,0.41201716738197425,61.0,0.26180257510729615,157.0,0.6738197424892703,41.201716738197426,26.180257510729614,45,0.46875
LCK,Aphelios,45.0,233.0,0.19313304721030042,54.0,0.2317596566523605,99.0,0.4248927038626609,19.313304721030043,23.17596566523605,22,0.4888888888888889
LCK,Ashe,1.0,233.0,0.004291845493562232,0.0,0.0,1.0,0.004291845493562232,0.4291845493562232,0.0,0,0.0
LCK,Azir,62.0,233.0,0.26609442060085836,75.0,0.3218884120171674,137.0,0.5879828326180258,26.609442060085836,32.18884120171674,31,0.5
LCK,Blitzcrank,1.0,233.0,0.004291845493562232,0.0,0.0,1.0,0.004291845493562232,0.4291845493562232,0.0,0,0.0
LCK,Braum,5.0,233.0,0.02145922746781116,2.0,0.008583690987124463,7.0,0.030042918454935622,2.1459227467811157,0.8583690987124464,3,0.6
LCK,Camille,37.0,233.0,0.15879828326180256,50.0,0.2145922746781116,87.0,0.37339055793991416,15.879828326180256,21.45922746781116,19,0.5135135135135135
LCK,Cassiopeia,3.0,233.0,0.012875536480686695,0.0,0.0,3.0,0.012875536480686695,1.2875536480686696,0.0,0,0.0
LCK,Cho'Gath,7.0,233.0,0.030042918454935622,3.0,0.012875536480686695,10.0,0.04291845493562232,3.004291845493562,1.2875536480686696,4,0.5714285714285714
LCK,Corki,2.0,233.0,0.008583690987124463,0.0,0.0,2.0,0.008583690987124463,0.8583690987124464,0.0,1,0.5
LCK,Dr. Mundo,5.0,233.0,0.02145922746781116,2.0,0.008583690987124463,7.0,0.030042918454935622,2.1459227467811157,0.8583690987124464,1,0.2
LCK,Ezreal,23.0,233.0,0.09871244635193133,15.0,0.06437768240343347,38.0,0.1630901287553648,9.871244635193133,6.437768240343347,14,0.6086956521739131
LCK,Fizz,1.0,233.0,0.004291845493562232,0.0,0.0,1.0,0.004291845493562232,0.4291845493562232,0.0,1,1.0
LCK,Galio,29.0,233.0,0.12446351931330472,34.0,0.1459227467811159,63.0,0.2703862660944206,12.446351931330472,14.592274678111588,15,0.5172413793103449
LCK,Gangplank,16.0,233.0,0.06866952789699571,16.0,0.06866952789699571,32.0,0.13733905579399142,6.866952789699571,6.866952789699571,6,0.375
LCK,Gnar,87.0,233.0,0.37339055793991416,124.0,0.5321888412017167,211.0,0.9055793991416309,37.33905579399141,53.21888412017167,40,0.45977011494252873
LCK,Gragas,84.0,233.0,0.3605150214592275,65.0,0.27896995708154504,149.0,0.6394849785407726,36.05150214592275,27.896995708154503,42,0.5
LCK,Graves,58.0,233.0,0.24892703862660945,40.0,0.17167381974248927,98.0,0.4206008583690987,24.892703862660944,17.167381974248926,30,0.5172413793103449
LCK,Hecarim,45.0,233.0,0.19313304721030042,47.0,0.2017167381974249,92.0,0.3948497854077253,19.313304721030043,20.171673819742487,22,0.4888888888888889
LCK,Heimerdinger,2.0,233.0,0.008583690987124463,0.0,0.0,2.0,0.008583690987124463,0.8583690987124464,0.0,2,1.0
LCK,Irelia,12.0,233.0,0.05150214592274678,30.0,0.12875536480686695,42.0,0.18025751072961374,5.150214592274678,12.875536480686694,9,0.75
LCK,Janna,1.0,233.0,0.004291845493562232,0.0,0.0,1.0,0.004291845493562232,0.4291845493562232,0.0,1,1.0
LCK,Jarvan IV,7.0,233.0,0.030042918454935622,4.0,0.017167381974248927,11.0,0.04721030042918455,3.004291845493562,1.7167381974248928,4,0.5714285714285714
LCK,Jax,1.0,233.0,0.004291845493562232,1.0,0.004291845493562232,2.0,0.008583690987124463,0.4291845493562232,0.4291845493562232,0,0.0
LCK,Jayce,25.0,233.0,0.1072961373390558,32.0,0.13733905579399142,57.0,0.2446351931330472,10.72961373390558,13.733905579399142,12,0.48
LCK,Jhin,13.0,233.0,0.055793991416309016,0.0,0.0,13.0,0.055793991416309016,5.579399141630901,0.0,3,0.23076923076923078
LCK,Jinx,22.0,233.0,0.0944206008583691,11.0,0.04721030042918455,33.0,0.14163090128755365,9.44206008583691,4.721030042918455,14,0.6363636363636364
LCK,Kai'Sa,157.0,233.0,0.6738197424892703,37.0,0.15879828326180256,194.0,0.8326180257510729,67.38197424892704,15.879828326180256,74,0.4713375796178344
LCK,Kalista,20.0,233.0,0.08583690987124463,69.0,0.296137339055794,89.0,0.38197424892703863,8.583690987124463,29.613733905579398,13,0.65
LCK,Karma,3.0,233.0,0.012875536480686695,0.0,0.0,3.0,0.012875536480686695,1.2875536480686696,0.0,1,0.3333333333333333
LCK,Karthus,2.0,233.0,0.008583690987124463,1.0,0.004291845493562232,3.0,0.012875536480686695,0.8583690987124464,0.4291845493562232,1,0.5
LCK,Kayle,1.0,233.0,0.004291845493562232,0.0,0.0,1.0,0.004291845493562232,0.4291845493562232,0.0,0,0.0
LCK,Kayn,6.0,233.0,0.02575107296137339,4.0,0.017167381974248927,10.0,0.04291845493562232,2.575107296137339,1.7167381974248928,3,0.5
LCK,Kennen,6.0,233.0,0.02575107296137339,11.0,0.04721030042918455,17.0,0.07296137339055794,2.575107296137339,4.721030042918455,3,0.5
LCK,Kindred,11.0,233.0,0.04721030042918455,9.0,0.03862660944206009,20.0,0.08583690987124463,4.721030042918455,3.862660944206009,7,0.6363636363636364
LCK,Kled,1.0,233.0,0.004291845493562232,0.0,0.0,1.0,0.004291845493562232,0.4291845493562232,0.0,0,0.0
LCK,Kog'Maw,1.0,233.0,0.004291845493562232,0.0,0.0,1.0,0.004291845493562232,0.4291845493562232,0.0,0,0.0
LCK,LeBlanc,1.0,233.0,0.004291845493562232,0.0,0.0,1.0,0.004291845493562232,0.4291845493562232,0.0,0,0.0
LCK,Lee Sin,4.0,233.0,0.017167381974248927,0.0,0.0,4.0,0.017167381974248927,1.7167381974248928,0.0,1,0.25
LCK,Leona,43.0,233.0,0.18454935622317598,11.0,0.04721030042918455,54.0,0.2317596566523605,18.4549356223176,4.721030042918455,24,0.5581395348837209
LCK,Lillia,67.0,233.0,0.2875536480686695,59.0,0.2532188841201717,126.0,0.5407725321888412,28.75536480686695,25.321888412017167,30,0.44776119402985076
LCK,Lucian,15.0,233.0,0.06437768240343347,51.0,0.21888412017167383,66.0,0.2832618025751073,6.437768240343347,21.888412017167383,11,0.7333333333333333
LCK,Lulu,6.0,233.0,0.02575107296137339,5.0,0.02145922746781116,11.0,0.04721030042918455,2.575107296137339,2.1459227467811157,3,0.5
LCK,Malphite,2.0,233.0,0.008583690987124463,1.0,0.004291845493562232,3.0,0.012875536480686695,0.8583690987124464,0.4291845493562232,1,0.5
LCK,Maokai,5.0,233.0,0.02145922746781116,8.0,0.034334763948497854,13.0,0.055793991416309016,2.1459227467811157,3.4334763948497855,5,1.0
LCK,Miss Fortune,3.0,233.0,0.012875536480686695,1.0,0.004291845493562232,4.0,0.017167381974248927,1.2875536480686696,0.4291845493562232,1,0.3333333333333333
LCK,Mordekaiser,4.0,233.0,0.017167381974248927,0.0,0.0,4.0,0.017167381974248927,1.7167381974248928,0.0,2,0.5
LCK,Nasus,1.0,233.0,0.004291845493562232,0.0,0.0,1.0,0.004291845493562232,0.4291845493562232,0.0,0,0.0
LCK,Nautilus,25.0,233.0,0.1072961373390558,12.0,0.05150214592274678,37.0,0.15879828326180256,10.72961373390558,5.150214592274678,14,0.56
LCK,Neeko,4.0,233.0,0.017167381974248927,0.0,0.0,4.0,0.017167381974248927,1.7167381974248928,0.0,2,0.5
LCK,Nidalee,74.0,233.0,0.31759656652360513,42.0,0.18025751072961374,116.0,0.4978540772532189,31.759656652360512,18.025751072961373,37,0.5
LCK,Nocturne,2.0,233.0,0.008583690987124463,6.0,0.02575107296137339,8.0,0.034334763948497854,0.8583690987124464,2.575107296137339,0,0.0
LCK,Olaf,71.0,233.0,0.30472103004291845,63.0,0.2703862660944206,134.0,0.575107296137339,30.472103004291846,27.038626609442062,31,0.43661971830985913
LCK,Orianna,84.0,233.0,0.3605150214592275,55.0,0.23605150214592274,139.0,0.5965665236051502,36.05150214592275,23.605150214592275,41,0.4880952380952381
LCK,Ornn,23.0,233.0,0.09871244635193133,29.0,0.12446351931330472,52.0,0.22317596566523606,9.871244635193133,12.446351931330472,14,0.6086956521739131
LCK,Pantheon,23.0,233.0,0.09871244635193133,51.0,0.21888412017167383,74.0,0.31759656652360513,9.871244635193133,21.888412017167383,10,0.43478260869565216
LCK,Pyke,3.0,233.0,0.012875536480686695,0.0,0.0,3.0,0.012875536480686695,1.2875536480686696,0.0,1,0.3333333333333333
LCK,Quinn,5.0,233.0,0.02145922746781116,9.0,0.03862660944206009,14.0,0.060085836909871244,2.1459227467811157,3.862660944206009,3,0.6
LCK,Rakan,34.0,233.0,0.1459227467811159,25.0,0.1072961373390558,59.0,0.2532188841201717,14.592274678111588,10.72961373390558,14,0.4117647058823529
LCK,Rek'Sai,1.0,233.0,0.004291845493562232,0.0,0.0,1.0,0.004291845493562232,0.4291845493562232,0.0,0,0.0
LCK,Rell,89.0,233.0,0.38197424892703863,93.0,0.39914163090128757,182.0,0.7811158798283262,38.197424892703864,39.91416309012876,40,0.449438202247191
LCK,Renekton,60.0,233.0,0.2575107296137339,133.0,0.5708154506437768,193.0,0.8283261802575107,25.75107296137339,57.08154506437768,35,0.5833333333333334
LCK,Rumble,5.0,233.0,0.02145922746781116,3.0,0.012875536480686695,8.0,0.034334763948497854,2.1459227467811157,1.2875536480686696,3,0.6
LCK,Ryze,5.0,233.0,0.02145922746781116,0.0,0.0,5.0,0.02145922746781116,2.1459227467811157,0.0,1,0.2
LCK,Samira,62.0,233.0,0.26609442060085836,46.0,0.19742489270386265,108.0,0.463519313304721,26.609442060085836,19.742489270386265,26,0.41935483870967744
LCK,Senna,23.0,233.0,0.09871244635193133,36.0,0.15450643776824036,59.0,0.2532188841201717,9.871244635193133,15.450643776824036,16,0.6956521739130435
LCK,Seraphine,31.0,233.0,0.13304721030042918,123.0,0.5278969957081545,154.0,0.6609442060085837,13.304721030042918,52.78969957081545,18,0.5806451612903226
LCK,Sett,31.0,233.0,0.13304721030042918,24.0,0.10300429184549356,55.0,0.23605150214592274,13.304721030042918,10.300429184549357,10,0.3225806451612903
LCK,Shen,4.0,233.0,0.017167381974248927,1.0,0.004291845493562232,5.0,0.02145922746781116,1.7167381974248928,0.4291845493562232,1,0.25
LCK,Sion,58.0,233.0,0.24892703862660945,23.0,0.09871244635193133,81.0,0.34763948497854075,24.892703862660944,9.871244635193133,32,0.5517241379310345
LCK,Sivir,1.0,233.0,0.004291845493562232,0.0,0.0,1.0,0.004291845493562232,0.4291845493562232,0.0,0,0.0
LCK,Skarner,4.0,233.0,0.017167381974248927,5.0,0.02145922746781116,9.0,0.03862660944206009,1.7167381974248928,2.1459227467811157,1,0.25
LCK,Sylas,11.0,233.0,0.04721030042918455,19.0,0.0815450643776824,30.0,0.12875536480686695,4.721030042918455,8.15450643776824,5,0.45454545454545453
LCK,Syndra,87.0,233.0,0.37339055793991416,50.0,0.2145922746781116,137.0,0.5879828326180258,37.33905579399141,21.45922746781116,46,0.5287356321839081
LCK,Tahm Kench,16.0,233.0,0.06866952789699571,8.0,0.034334763948497854,24.0,0.10300429184549356,6.866952789699571,3.4334763948497855,10,0.625
LCK,Taliyah,19.0,233.0,0.0815450643776824,85.0,0.3648068669527897,104.0,0.44635193133047213,8.15450643776824,36.48068669527897,17,0.8947368421052632
LCK,Thresh,47.0,233.0,0.2017167381974249,99.0,0.4248927038626609,146.0,0.6266094420600858,20.171673819742487,42.48927038626609,26,0.5531914893617021
LCK,Tristana,40.0,233.0,0.17167381974248927,35.0,0.15021459227467812,75.0,0.3218884120171674,17.167381974248926,15.021459227467812,17,0.425
LCK,Trundle,1.0,233.0,0.004291845493562232,0.0,0.0,1.0,0.004291845493562232,0.4291845493562232,0.0,0,0.0
LCK,Twisted Fate,15.0,233.0,0.06437768240343347,43.0,0.18454935622317598,58.0,0.24892703862660945,6.437768240343347,18.4549356223176,4,0.26666666666666666
LCK,Udyr,76.0,233.0,0.3261802575107296,88.0,0.3776824034334764,164.0,0.703862660944206,32.61802575107296,37.76824034334764,43,0.5657894736842105
LCK,Urgot,1.0,233.0,0.004291845493562232,0.0,0.0,1.0,0.004291845493562232,0.4291845493562232,0.0,1,1.0
LCK,Varus,6.0,233.0,0.02575107296137339,4.0,0.017167381974248927,10.0,0.04291845493562232,2.575107296137339,1.7167381974248928,4,0.6666666666666666
LCK,Vayne,8.0,233.0,0.034334763948497854,0.0,0.0,8.0,0.034334763948497854,3.4334763948497855,0.0,4,0.5
LCK,Veigar,1.0,233.0,0.004291845493562232,0.0,0.0,1.0,0.004291845493562232,0.4291845493562232,0.0,0,0.0
LCK,Viktor,60.0,233.0,0.2575107296137339,21.0,0.09012875536480687,81.0,0.34763948497854075,25.75107296137339,9.012875536480687,29,0.48333333333333334
LCK,Vladimir,2.0,233.0,0.008583690987124463,0.0,0.0,2.0,0.008583690987124463,0.8583690987124464,0.0,1,0.5
LCK,Volibear,14.0,233.0,0.060085836909871244,6.0,0.02575107296137339,20.0,0.08583690987124463,6.008583690987124,2.575107296137339,6,0.42857142857142855
LCK,Wukong,3.0,233.0,0.012875536480686695,0.0,0.0,3.0,0.012875536480686695,1.2875536480686696,0.0,1,0.3333333333333333
LCK,Xayah,42.0,233.0,0.18025751072961374,12.0,0.05150214592274678,54.0,0.2317596566523605,18.025751072961373,5.150214592274678,25,0.5952380952380952
LCK,Yone,10.0,233.0,0.04291845493562232,35.0,0.15021459227467812,45.0,0.19313304721030042,4.291845493562231,15.021459227467812,6,0.6
LCK,Yuumi,2.0,233.0,0.008583690987124463,0.0,0.0,2.0,0.008583690987124463,0.8583690987124464,0.0,0,0.0
LCK,Zilean,3.0,233.0,0.012875536480686695,1.0,0.004291845493562232,4.0,0.017167381974248927,1.2875536480686696,0.4291845493562232,2,0.6666666666666666
LCK,Zoe,57.0,233.0,0.2446351931330472,37.0,0.15879828326180256,94.0,0.4034334763948498,24.463519313304722,15.879828326180256,28,0.49122807017543857
LCO,Aatrox,3.0,79.0,0.0379746835443038,8.0,0.10126582278481013,11.0,0.13924050632911392,3.79746835443038,10.126582278481013,2,0.6666666666666666
LCO,Ahri,12.0,79.0,0.1518987341772152,14.0,0.17721518987341772,26.0,0.3291139240506329,15.18987341772152,17.72151898734177,8,0.6666666666666666
LCO,Akali,3.0,79.0,0.0379746835443038,0.0,0.0,3.0,0.0379746835443038,3.79746835443038,0.0,1,0.3333333333333333
LCO,Alistar,31.0,79.0,0.3924050632911392,13.0,0.16455696202531644,44.0,0.5569620253164557,39.24050632911392,16.455696202531644,14,0.45161290322580644
LCO,Amumu,1.0,79.0,0.012658227848101266,0.0,0.0,1.0,0.012658227848101266,1.2658227848101267,0.0,0,0.0
LCO,Anivia,1.0,79.0,0.012658227848101266,1.0,0.012658227848101266,2.0,0.02531645569620253,1.2658227848101267,1.2658227848101267,0,0.0
LCO,Annie,1.0,79.0,0.012658227848101266,0.0,0.0,1.0,0.012658227848101266,1.2658227848101267,0.0,0,0.0
LCO,Aphelios,12.0,79.0,0.1518987341772152,5.0,0.06329113924050633,17.0,0.21518987341772153,15.18987341772152,6.329113924050633,6,0.5
LCO,Azir,9.0,79.0,0.11392405063291139,12.0,0.1518987341772152,21.0,0.26582278481012656,11.39240506329114,15.18987341772152,3,0.3333333333333333
LCO,Bard,5.0,79.0,0.06329113924050633,0.0,0.0,5.0,0.06329113924050633,6.329113924050633,0.0,2,0.4
LCO,Blitzcrank,1.0,79.0,0.012658227848101266,1.0,0.012658227848101266,2.0,0.02531645569620253,1.2658227848101267,1.2658227848101267,1,1.0
LCO,Braum,5.0,79.0,0.06329113924050633,1.0,0.012658227848101266,6.0,0.0759493670886076,6.329113924050633,1.2658227848101267,3,0.6
LCO,Caitlyn,2.0,79.0,0.02531645569620253,1.0,0.012658227848101266,3.0,0.0379746835443038,2.5316455696202533,1.2658227848101267,0,0.0
LCO,Camille,14.0,79.0,0.17721518987341772,22.0,0.27848101265822783,36.0,0.45569620253164556,17.72151898734177,27.848101265822784,5,0.35714285714285715
LCO,Cassiopeia,1.0,79.0,0.012658227848101266,1.0,0.012658227848101266,2.0,0.02531645569620253,1.2658227848101267,1.2658227848101267,0,0.0
LCO,Cho'Gath,3.0,79.0,0.0379746835443038,4.0,0.05063291139240506,7.0,0.08860759493670886,3.79746835443038,5.063291139240507,2,0.6666666666666666
LCO,Corki,1.0,79.0,0.012658227848101266,0.0,0.0,1.0,0.012658227848101266,1.2658227848101267,0.0,1,1.0
LCO,Darius,1.0,79.0,0.012658227848101266,0.0,0.0,1.0,0.012658227848101266,1.2658227848101267,0.0,0,0.0
LCO,Dr. Mundo,3.0,79.0,0.0379746835443038,3.0,0.0379746835443038,6.0,0.0759493670886076,3.79746835443038,3.79746835443038,2,0.6666666666666666
LCO,Ekko,2.0,79.0,0.02531645569620253,2.0,0.02531645569620253,4.0,0.05063291139240506,2.5316455696202533,2.5316455696202533,2,1.0
LCO,Elise,2.0,79.0,0.02531645569620253,5.0,0.06329113924050633,7.0,0.08860759493670886,2.5316455696202533,6.329113924050633,1,0.5
LCO,Evelynn,2.0,79.0,0.02531645569620253,5.0,0.06329113924050633,7.0,0.08860759493670886,2.5316455696202533,6.329113924050633,2,1.0
LCO,Ezreal,14.0,79.0,0.17721518987341772,1.0,0.012658227848101266,15.0,0.189873417721519,17.72151898734177,1.2658227848101267,8,0.5714285714285714
LCO,Fiddlesticks,1.0,79.0,0.012658227848101266,4.0,0.05063291139240506,5.0,0.06329113924050633,1.2658227848101267,5.063291139240507,0,0.0
LCO,Fiora,1.0,79.0,0.012658227848101266,0.0,0.0,1.0,0.012658227848101266,1.2658227848101267,0.0,0,0.0
LCO,Galio,10.0,79.0,0.12658227848101267,6.0,0.0759493670886076,16.0,0.20253164556962025,12.658227848101266,7.59493670886076,5,0.5
LCO,Gangplank,5.0,79.0,0.06329113924050633,4.0,0.05063291139240506,9.0,0.11392405063291139,6.329113924050633,5.063291139240507,0,0.0
LCO,Gnar,31.0,79.0,0.3924050632911392,16.0,0.20253164556962025,47.0,0.5949367088607594,39.24050632911392,20.253164556962027,17,0.5483870967741935
LCO,Gragas,15.0,79.0,0.189873417721519,16.0,0.20253164556962025,31.0,0.3924050632911392,18.9873417721519,20.253164556962027,8,0.5333333333333333
LCO,Graves,6.0,79.0,0.0759493670886076,2.0,0.02531645569620253,8.0,0.10126582278481013,7.59493670886076,2.5316455696202533,2,0.3333333333333333
LCO,Hecarim,22.0,79.0,0.27848101265822783,44.0,0.5569620253164557,66.0,0.8354430379746836,27.848101265822784,55.69620253164557,11,0.5
LCO,Heimerdinger,2.0,79.0,0.02531645569620253,6.0,0.0759493670886076,8.0,0.10126582278481013,2.5316455696202533,7.59493670886076,1,0.5
LCO,Irelia,2.0,79.0,0.02531645569620253,10.0,0.12658227848101267,12.0,0.1518987341772152,2.5316455696202533,12.658227848101266,1,0.5
LCO,Janna,2.0,79.0,0.02531645569620253,1.0,0.012658227848101266,3.0,0.0379746835443038,2.5316455696202533,1.2658227848101267,1,0.5
LCO,Jarvan IV,8.0,79.0,0.10126582278481013,5.0,0.06329113924050633,13.0,0.16455696202531644,10.126582278481013,6.329113924050633,3,0.375
LCO,Jayce,3.0,79.0,0.0379746835443038,2.0,0.02531645569620253,5.0,0.06329113924050633,3.79746835443038,2.5316455696202533,2,0.6666666666666666
LCO,Jhin,7.0,79.0,0.08860759493670886,0.0,0.0,7.0,0.08860759493670886,8.860759493670885,0.0,2,0.2857142857142857
LCO,Jinx,21.0,79.0,0.26582278481012656,6.0,0.0759493670886076,27.0,0.34177215189873417,26.582278481012654,7.59493670886076,12,0.5714285714285714
LCO,Kai'Sa,39.0,79.0,0.4936708860759494,13.0,0.16455696202531644,52.0,0.6582278481012658,49.36708860759494,16.455696202531644,18,0.46153846153846156
LCO,Kalista,1.0,79.0,0.012658227848101266,0.0,0.0,1.0,0.012658227848101266,1.2658227848101267,0.0,1,1.0
LCO,Karma,8.0,79.0,0.10126582278481013,12.0,0.1518987341772152,20.0,0.25316455696202533,10.126582278481013,15.18987341772152,3,0.375
LCO,Karthus,8.0,79.0,0.10126582278481013,10.0,0.12658227848101267,18.0,0.22784810126582278,10.126582278481013,12.658227848101266,3,0.375
LCO,Katarina,1.0,79.0,0.012658227848101266,12.0,0.1518987341772152,13.0,0.16455696202531644,1.2658227848101267,15.18987341772152,0,0.0
LCO,Kayn,4.0,79.0,0.05063291139240506,5.0,0.06329113924050633,9.0,0.11392405063291139,5.063291139240507,6.329113924050633,0,0.0
LCO,Kennen,1.0,79.0,0.012658227848101266,0.0,0.0,1.0,0.012658227848101266,1.2658227848101267,0.0,0,0.0
LCO,Kha'Zix,1.0,79.0,0.012658227848101266,1.0,0.012658227848101266,2.0,0.02531645569620253,1.2658227848101267,1.2658227848101267,0,0.0
LCO,Kindred,1.0,79.0,0.012658227848101266,5.0,0.06329113924050633,6.0,0.0759493670886076,1.2658227848101267,6.329113924050633,0,0.0
LCO,Lee Sin,1.0,79.0,0.012658227848101266,0.0,0.0,1.0,0.012658227848101266,1.2658227848101267,0.0,0,0.0
LCO,Leona,2.0,79.0,0.02531645569620253,0.0,0.0,2.0,0.02531645569620253,2.5316455696202533,0.0,1,0.5
LCO,Lillia,34.0,79.0,0.43037974683544306,23.0,0.2911392405063291,57.0,0.7215189873417721,43.037974683544306,29.11392405063291,21,0.6176470588235294
LCO,Lucian,12.0,79.0,0.1518987341772152,8.0,0.10126582278481013,20.0,0.25316455696202533,15.18987341772152,10.126582278481013,6,0.5
LCO,Lulu,3.0,79.0,0.0379746835443038,3.0,0.0379746835443038,6.0,0.0759493670886076,3.79746835443038,3.79746835443038,2,0.6666666666666666
LCO,Lux,1.0,79.0,0.012658227848101266,0.0,0.0,1.0,0.012658227848101266,1.2658227848101267,0.0,0,0.0
LCO,Malphite,2.0,79.0,0.02531645569620253,1.0,0.012658227848101266,3.0,0.0379746835443038,2.5316455696202533,1.2658227848101267,1,0.5
LCO,Malzahar,1.0,79.0,0.012658227848101266,1.0,0.012658227848101266,2.0,0.02531645569620253,1.2658227848101267,1.2658227848101267,0,0.0
LCO,Nautilus,11.0,79.0,0.13924050632911392,1.0,0.012658227848101266,12.0,0.1518987341772152,13.924050632911392,1.2658227848101267,4,0.36363636363636365
LCO,Nidalee,3.0,79.0,0.0379746835443038,2.0,0.02531645569620253,5.0,0.06329113924050633,3.79746835443038,2.5316455696202533,0,0.0
LCO,Nocturne,7.0,79.0,0.08860759493670886,23.0,0.2911392405063291,30.0,0.379746835443038,8.860759493670885,29.11392405063291,2,0.2857142857142857
LCO,Nunu & Willump,1.0,79.0,0.012658227848101266,1.0,0.012658227848101266,2.0,0.02531645569620253,1.2658227848101267,1.2658227848101267,0,0.0
LCO,Olaf,10.0,79.0,0.12658227848101267,15.0,0.189873417721519,25.0,0.31645569620253167,12.658227848101266,18.9873417721519,7,0.7
LCO,Orianna,18.0,79.0,0.22784810126582278,16.0,0.20253164556962025,34.0,0.43037974683544306,22.78481012658228,20.253164556962027,6,0.3333333333333333
LCO,Ornn,17.0,79.0,0.21518987341772153,8.0,0.10126582278481013,25.0,0.31645569620253167,21.518987341772153,10.126582278481013,11,0.6470588235294118
LCO,Rakan,15.0,79.0,0.189873417721519,13.0,0.16455696202531644,28.0,0.35443037974683544,18.9873417721519,16.455696202531644,10,0.6666666666666666
LCO,Rek'Sai,1.0,79.0,0.012658227848101266,1.0,0.012658227848101266,2.0,0.02531645569620253,1.2658227848101267,1.2658227848101267,0,0.0
LCO,Rell,31.0,79.0,0.3924050632911392,10.0,0.12658227848101267,41.0,0.5189873417721519,39.24050632911392,12.658227848101266,15,0.4838709677419355
LCO,Renekton,17.0,79.0,0.21518987341772153,4.0,0.05063291139240506,21.0,0.26582278481012656,21.518987341772153,5.063291139240507,9,0.5294117647058824
LCO,Sejuani,3.0,79.0,0.0379746835443038,0.0,0.0,3.0,0.0379746835443038,3.79746835443038,0.0,1,0.3333333333333333
LCO,Senna,4.0,79.0,0.05063291139240506,1.0,0.012658227848101266,5.0,0.06329113924050633,5.063291139240507,1.2658227848101267,0,0.0
LCO,Seraphine,11.0,79.0,0.13924050632911392,66.0,0.8354430379746836,77.0,0.9746835443037974,13.924050632911392,83.54430379746836,6,0.5454545454545454
LCO,Sett,3.0,79.0,0.0379746835443038,0.0,0.0,3.0,0.0379746835443038,3.79746835443038,0.0,2,0.6666666666666666
LCO,Shaco,1.0,79.0,0.012658227848101266,0.0,0.0,1.0,0.012658227848101266,1.2658227848101267,0.0,1,1.0
LCO,Shen,1.0,79.0,0.012658227848101266,1.0,0.012658227848101266,2.0,0.02531645569620253,1.2658227848101267,1.2658227848101267,0,0.0
LCO,Shyvana,2.0,79.0,0.02531645569620253,0.0,0.0,2.0,0.02531645569620253,2.5316455696202533,0.0,1,0.5
LCO,Sion,26.0,79.0,0.3291139240506329,12.0,0.1518987341772152,38.0,0.4810126582278481,32.91139240506329,15.18987341772152,14,0.5384615384615384
LCO,Sivir,8.0,79.0,0.10126582278481013,5.0,0.06329113924050633,13.0,0.16455696202531644,10.126582278481013,6.329113924050633,3,0.375
LCO,Skarner,8.0,79.0,0.10126582278481013,1.0,0.012658227848101266,9.0,0.11392405063291139,10.126582278481013,1.2658227848101267,5,0.625
LCO,Soraka,2.0,79.0,0.02531645569620253,1.0,0.012658227848101266,3.0,0.0379746835443038,2.5316455696202533,1.2658227848101267,2,1.0
LCO,Sylas,6.0,79.0,0.0759493670886076,7.0,0.08860759493670886,13.0,0.16455696202531644,7.59493670886076,8.860759493670885,4,0.6666666666666666
LCO,Syndra,18.0,79.0,0.22784810126582278,23.0,0.2911392405063291,41.0,0.5189873417721519,22.78481012658228,29.11392405063291,10,0.5555555555555556
LCO,Tahm Kench,4.0,79.0,0.05063291139240506,3.0,0.0379746835443038,7.0,0.08860759493670886,5.063291139240507,3.79746835443038,1,0.25
LCO,Talon,1.0,79.0,0.012658227848101266,0.0,0.0,1.0,0.012658227848101266,1.2658227848101267,0.0,0,0.0
LCO,Taric,2.0,79.0,0.02531645569620253,0.0,0.0,2.0,0.02531645569620253,2.5316455696202533,0.0,1,0.5
LCO,Thresh,23.0,79.0,0.2911392405063291,52.0,0.6582278481012658,75.0,0.9493670886075949,29.11392405063291,65.82278481012658,11,0.4782608695652174
LCO,Tristana,19.0,79.0,0.24050632911392406,44.0,0.5569620253164557,63.0,0.7974683544303798,24.050632911392405,55.69620253164557,12,0.631578947368421
LCO,Twisted Fate,4.0,79.0,0.05063291139240506,4.0,0.05063291139240506,8.0,0.10126582278481013,5.063291139240507,5.063291139240507,2,0.5
LCO,Udyr,29.0,79.0,0.3670886075949367,41.0,0.5189873417721519,70.0,0.8860759493670886,36.708860759493675,51.89873417721519,15,0.5172413793103449
LCO,Urgot,5.0,79.0,0.06329113924050633,3.0,0.0379746835443038,8.0,0.10126582278481013,6.329113924050633,3.79746835443038,3,0.6
LCO,Varus,3.0,79.0,0.0379746835443038,1.0,0.012658227848101266,4.0,0.05063291139240506,3.79746835443038,1.2658227848101267,2,0.6666666666666666
LCO,Vayne,7.0,79.0,0.08860759493670886,8.0,0.10126582278481013,15.0,0.189873417721519,8.860759493670885,10.126582278481013,4,0.5714285714285714
LCO,Viego,4.0,79.0,0.05063291139240506,7.0,0.08860759493670886,11.0,0.13924050632911392,5.063291139240507,8.860759493670885,3,0.75
LCO,Viktor,18.0,79.0,0.22784810126582278,11.0,0.13924050632911392,29.0,0.3670886075949367,22.78481012658228,13.924050632911392,11,0.6111111111111112
LCO,Volibear,7.0,79.0,0.08860759493670886,2.0,0.02531645569620253,9.0,0.11392405063291139,8.860759493670885,2.5316455696202533,3,0.42857142857142855
LCO,Wukong,1.0,79.0,0.012658227848101266,1.0,0.012658227848101266,2.0,0.02531645569620253,1.2658227848101267,1.2658227848101267,0,0.0
LCO,Xayah,22.0,79.0,0.27848101265822783,19.0,0.24050632911392406,41.0,0.5189873417721519,27.848101265822784,24.050632911392405,13,0.5909090909090909
LCO,Yasuo,2.0,79.0,0.02531645569620253,5.0,0.06329113924050633,7.0,0.08860759493670886,2.5316455696202533,6.329113924050633,1,0.5
LCO,Yone,11.0,79.0,0.13924050632911392,28.0,0.35443037974683544,39.0,0.4936708860759494,13.924050632911392,35.44303797468354,4,0.36363636363636365
LCO,Zed,2.0,79.0,0.02531645569620253,1.0,0.012658227848101266,3.0,0.0379746835443038,2.5316455696202533,1.2658227848101267,1,0.5
LCO,Ziggs,1.0,79.0,0.012658227848101266,0.0,0.0,1.0,0.012658227848101266,1.2658227848101267,0.0,0,0.0
LCO,Zilean,3.0,79.0,0.0379746835443038,4.0,0.05063291139240506,7.0,0.08860759493670886,3.79746835443038,5.063291139240507,2,0.6666666666666666
LCO,Zoe,13.0,79.0,0.16455696202531644,19.0,0.24050632911392406,32.0,0.4050632911392405,16.455696202531644,24.050632911392405,9,0.6923076923076923
LCS,Aatrox,20.0,163.0,0.12269938650306748,6.0,0.03680981595092025,26.0,0.15950920245398773,12.269938650306749,3.6809815950920246,8,0.4
LCS,Ahri,5.0,163.0,0.03067484662576687,2.0,0.012269938650306749,7.0,0.04294478527607362,3.067484662576687,1.2269938650306749,2,0.4
LCS,Akali,6.0,163.0,0.03680981595092025,14.0,0.08588957055214724,20.0,0.12269938650306748,3.6809815950920246,8.588957055214724,4,0.6666666666666666
LCS,Alistar,64.0,163.0,0.39263803680981596,49.0,0.3006134969325153,113.0,0.6932515337423313,39.263803680981596,30.061349693251532,33,0.515625
LCS,Annie,1.0,163.0,0.006134969325153374,0.0,0.0,1.0,0.006134969325153374,0.6134969325153374,0.0,1,1.0
LCS,Aphelios,22.0,163.0,0.13496932515337423,15.0,0.09202453987730061,37.0,0.22699386503067484,13.496932515337424,9.202453987730062,10,0.45454545454545453
LCS,Ashe,5.0,163.0,0.03067484662576687,1.0,0.006134969325153374,6.0,0.03680981595092025,3.067484662576687,0.6134969325153374,2,0.4
LCS,Azir,48.0,163.0,0.294478527607362,38.0,0.2331288343558282,86.0,0.5276073619631901,29.447852760736197,23.31288343558282,26,0.5416666666666666
LCS,Bard,4.0,163.0,0.024539877300613498,1.0,0.006134969325153374,5.0,0.03067484662576687,2.4539877300613497,0.6134969325153374,2,0.5
LCS,Blitzcrank,6.0,163.0,0.03680981595092025,1.0,0.006134969325153374,7.0,0.04294478527607362,3.6809815950920246,0.6134969325153374,3,0.5
LCS,Braum,2.0,163.0,0.012269938650306749,0.0,0.0,2.0,0.012269938650306749,1.2269938650306749,0.0,1,0.5
LCS,Caitlyn,3.0,163.0,0.018404907975460124,0.0,0.0,3.0,0.018404907975460124,1.8404907975460123,0.0,1,0.3333333333333333
LCS,Camille,32.0,163.0,0.19631901840490798,53.0,0.32515337423312884,85.0,0.5214723926380368,19.631901840490798,32.515337423312886,16,0.5
LCS,Cassiopeia,1.0,163.0,0.006134969325153374,1.0,0.006134969325153374,2.0,0.012269938650306749,0.6134969325153374,0.6134969325153374,0,0.0
LCS,Cho'Gath,5.0,163.0,0.03067484662576687,0.0,0.0,5.0,0.03067484662576687,3.067484662576687,0.0,3,0.6
LCS,Corki,3.0,163.0,0.018404907975460124,0.0,0.0,3.0,0.018404907975460124,1.8404907975460123,0.0,0,0.0
LCS,Dr. Mundo,4.0,163.0,0.024539877300613498,0.0,0.0,4.0,0.024539877300613498,2.4539877300613497,0.0,2,0.5
LCS,Draven,2.0,163.0,0.012269938650306749,1.0,0.006134969325153374,3.0,0.018404907975460124,1.2269938650306749,0.6134969325153374,0,0.0
LCS,Ekko,3.0,163.0,0.018404907975460124,4.0,0.024539877300613498,7.0,0.04294478527607362,1.8404907975460123,2.4539877300613497,2,0.6666666666666666
LCS,Ezreal,10.0,163.0,0.06134969325153374,9.0,0.05521472392638037,19.0,0.1165644171779141,6.134969325153374,5.521472392638037,6,0.6
LCS,Fiora,1.0,163.0,0.006134969325153374,1.0,0.006134969325153374,2.0,0.012269938650306749,0.6134969325153374,0.6134969325153374,0,0.0
LCS,Galio,23.0,163.0,0.1411042944785276,18.0,0.11042944785276074,41.0,0.25153374233128833,14.11042944785276,11.042944785276074,15,0.6521739130434783
LCS,Gangplank,32.0,163.0,0.19631901840490798,46.0,0.2822085889570552,78.0,0.4785276073619632,19.631901840490798,28.22085889570552,13,0.40625
LCS,Gnar,54.0,163.0,0.3312883435582822,58.0,0.3558282208588957,112.0,0.6871165644171779,33.12883435582822,35.58282208588957,29,0.5370370370370371
LCS,Gragas,46.0,163.0,0.2822085889570552,25.0,0.15337423312883436,71.0,0.43558282208588955,28.22085889570552,15.337423312883436,22,0.4782608695652174
LCS,Graves,31.0,163.0,0.1901840490797546,15.0,0.09202453987730061,46.0,0.2822085889570552,19.018404907975462,9.202453987730062,9,0.2903225806451613
LCS,Hecarim,55.0,163.0,0.3374233128834356,44.0,0.26993865030674846,99.0,0.6073619631901841,33.74233128834356,26.993865030674847,31,0.5636363636363636
LCS,Irelia,7.0,163.0,0.04294478527607362,22.0,0.13496932515337423,29.0,0.17791411042944785,4.294478527607362,13.496932515337424,4,0.5714285714285714
LCS,Ivern,1.0,163.0,0.006134969325153374,0.0,0.0,1.0,0.006134969325153374,0.6134969325153374,0.0,0,0.0
LCS,Janna,3.0,163.0,0.018404907975460124,0.0,0.0,3.0,0.018404907975460124,1.8404907975460123,0.0,1,0.3333333333333333
LCS,Jarvan IV,3.0,163.0,0.018404907975460124,2.0,0.012269938650306749,5.0,0.03067484662576687,1.8404907975460123,1.2269938650306749,2,0.6666666666666666
LCS,Jax,6.0,163.0,0.03680981595092025,4.0,0.024539877300613498,10.0,0.06134969325153374,3.6809815950920246,2.4539877300613497,4,0.6666666666666666
LCS,Jayce,12.0,163.0,0.0736196319018405,16.0,0.09815950920245399,28.0,0.17177914110429449,7.361963190184049,9.815950920245399,6,0.5
LCS,Jhin,18.0,163.0,0.11042944785276074,2.0,0.012269938650306749,20.0,0.12269938650306748,11.042944785276074,1.2269938650306749,9,0.5
LCS,Jinx,10.0,163.0,0.06134969325153374,9.0,0.05521472392638037,19.0,0.1165644171779141,6.134969325153374,5.521472392638037,2,0.2
LCS,Kai'Sa,95.0,163.0,0.5828220858895705,42.0,0.25766871165644173,137.0,0.8404907975460123,58.282208588957054,25.766871165644172,52,0.5473684210526316
LCS,Kalista,15.0,163.0,0.09202453987730061,19.0,0.1165644171779141,34.0,0.2085889570552147,9.202453987730062,11.65644171779141,8,0.5333333333333333
LCS,Karma,7.0,163.0,0.04294478527607362,6.0,0.03680981595092025,13.0,0.07975460122699386,4.294478527607362,3.6809815950920246,3,0.42857142857142855
LCS,Karthus,1.0,163.0,0.006134969325153374,0.0,0.0,1.0,0.006134969325153374,0.6134969325153374,0.0,0,0.0
LCS,Kayn,4.0,163.0,0.024539877300613498,1.0,0.006134969325153374,5.0,0.03067484662576687,2.4539877300613497,0.6134969325153374,1,0.25
LCS,Kennen,3.0,163.0,0.018404907975460124,0.0,0.0,3.0,0.018404907975460124,1.8404907975460123,0.0,1,0.3333333333333333
LCS,Kindred,5.0,163.0,0.03067484662576687,2.0,0.012269938650306749,7.0,0.04294478527607362,3.067484662576687,1.2269938650306749,3,0.6
LCS,Kled,3.0,163.0,0.018404907975460124,2.0,0.012269938650306749,5.0,0.03067484662576687,1.8404907975460123,1.2269938650306749,2,0.6666666666666666
LCS,LeBlanc,4.0,163.0,0.024539877300613498,2.0,0.012269938650306749,6.0,0.03680981595092025,2.4539877300613497,1.2269938650306749,2,0.5
LCS,Leona,32.0,163.0,0.19631901840490798,14.0,0.08588957055214724,46.0,0.2822085889570552,19.631901840490798,8.588957055214724,15,0.46875
LCS,Lillia,54.0,163.0,0.3312883435582822,36.0,0.22085889570552147,90.0,0.5521472392638037,33.12883435582822,22.085889570552148,22,0.4074074074074074
LCS,Lucian,20.0,163.0,0.12269938650306748,31.0,0.1901840490797546,51.0,0.3128834355828221,12.269938650306749,19.018404907975462,6,0.3
LCS,Lulu,7.0,163.0,0.04294478527607362,11.0,0.06748466257668712,18.0,0.11042944785276074,4.294478527607362,6.748466257668712,4,0.5714285714285714
LCS,Malphite,5.0,163.0,0.03067484662576687,3.0,0.018404907975460124,8.0,0.049079754601226995,3.067484662576687,1.8404907975460123,3,0.6
LCS,Maokai,4.0,163.0,0.024539877300613498,4.0,0.024539877300613498,8.0,0.049079754601226995,2.4539877300613497,2.4539877300613497,2,0.5
LCS,Miss Fortune,14.0,163.0,0.08588957055214724,6.0,0.03680981595092025,20.0,0.12269938650306748,8.588957055214724,3.6809815950920246,11,0.7857142857142857
LCS,Mordekaiser,1.0,163.0,0.006134969325153374,0.0,0.0,1.0,0.006134969325153374,0.6134969325153374,0.0,1,1.0
LCS,Morgana,2.0,163.0,0.012269938650306749,2.0,0.012269938650306749,4.0,0.024539877300613498,1.2269938650306749,1.2269938650306749,0,0.0
LCS,Nautilus,25.0,163.0,0.15337423312883436,11.0,0.06748466257668712,36.0,0.22085889570552147,15.337423312883436,6.748466257668712,15,0.6
LCS,Neeko,4.0,163.0,0.024539877300613498,0.0,0.0,4.0,0.024539877300613498,2.4539877300613497,0.0,2,0.5
LCS,Nidalee,32.0,163.0,0.19631901840490798,30.0,0.18404907975460122,62.0,0.3803680981595092,19.631901840490798,18.404907975460123,21,0.65625
LCS,Nocturne,7.0,163.0,0.04294478527607362,9.0,0.05521472392638037,16.0,0.09815950920245399,4.294478527607362,5.521472392638037,4,0.5714285714285714
LCS,Olaf,33.0,163.0,0.20245398773006135,104.0,0.6380368098159509,137.0,0.8404907975460123,20.245398773006134,63.80368098159509,22,0.6666666666666666
LCS,Orianna,61.0,163.0,0.37423312883435583,43.0,0.26380368098159507,104.0,0.6380368098159509,37.423312883435585,26.380368098159508,32,0.5245901639344263
LCS,Ornn,7.0,163.0,0.04294478527607362,0.0,0.0,7.0,0.04294478527607362,4.294478527607362,0.0,1,0.14285714285714285
LCS,Pantheon,7.0,163.0,0.04294478527607362,65.0,0.3987730061349693,72.0,0.44171779141104295,4.294478527607362,39.87730061349693,5,0.7142857142857143
LCS,Quinn,2.0,163.0,0.012269938650306749,0.0,0.0,2.0,0.012269938650306749,1.2269938650306749,0.0,0,0.0
LCS,Rakan,14.0,163.0,0.08588957055214724,6.0,0.03680981595092025,20.0,0.12269938650306748,8.588957055214724,3.6809815950920246,8,0.5714285714285714
LCS,Rek'Sai,2.0,163.0,0.012269938650306749,2.0,0.012269938650306749,4.0,0.024539877300613498,1.2269938650306749,1.2269938650306749,2,1.0
LCS,Rell,67.0,163.0,0.4110429447852761,67.0,0.4110429447852761,134.0,0.8220858895705522,41.104294478527606,41.104294478527606,36,0.5373134328358209
LCS,Renekton,51.0,163.0,0.3128834355828221,95.0,0.5828220858895705,146.0,0.8957055214723927,31.28834355828221,58.282208588957054,32,0.6274509803921569
LCS,Rengar,1.0,163.0,0.006134969325153374,0.0,0.0,1.0,0.006134969325153374,0.6134969325153374,0.0,0,0.0
LCS,Rumble,2.0,163.0,0.012269938650306749,0.0,0.0,2.0,0.012269938650306749,1.2269938650306749,0.0,1,0.5
LCS,Ryze,12.0,163.0,0.0736196319018405,12.0,0.0736196319018405,24.0,0.147239263803681,7.361963190184049,7.361963190184049,7,0.5833333333333334
LCS,Samira,18.0,163.0,0.11042944785276074,14.0,0.08588957055214724,32.0,0.19631901840490798,11.042944785276074,8.588957055214724,8,0.4444444444444444
LCS,Sejuani,1.0,163.0,0.006134969325153374,0.0,0.0,1.0,0.006134969325153374,0.6134969325153374,0.0,0,0.0
LCS,Senna,25.0,163.0,0.15337423312883436,55.0,0.3374233128834356,80.0,0.49079754601226994,15.337423312883436,33.74233128834356,11,0.44
LCS,Seraphine,25.0,163.0,0.15337423312883436,80.0,0.49079754601226994,105.0,0.6441717791411042,15.337423312883436,49.079754601226995,10,0.4
LCS,Sett,11.0,163.0,0.06748466257668712,10.0,0.06134969325153374,21.0,0.12883435582822086,6.748466257668712,6.134969325153374,3,0.2727272727272727
LCS,Shen,8.0,163.0,0.049079754601226995,13.0,0.07975460122699386,21.0,0.12883435582822086,4.9079754601226995,7.975460122699387,6,0.75
LCS,Sion,21.0,163.0,0.12883435582822086,6.0,0.03680981595092025,27.0,0.1656441717791411,12.883435582822086,3.6809815950920246,8,0.38095238095238093
LCS,Sivir,5.0,163.0,0.03067484662576687,0.0,0.0,5.0,0.03067484662576687,3.067484662576687,0.0,3,0.6
LCS,Skarner,12.0,163.0,0.0736196319018405,3.0,0.018404907975460124,15.0,0.09202453987730061,7.361963190184049,1.8404907975460123,4,0.3333333333333333
LCS,Sylas,10.0,163.0,0.06134969325153374,8.0,0.049079754601226995,18.0,0.11042944785276074,6.134969325153374,4.9079754601226995,6,0.6
LCS,Syndra,41.0,163.0,0.25153374233128833,34.0,0.2085889570552147,75.0,0.4601226993865031,25.153374233128833,20.858895705521473,15,0.36585365853658536
LCS,Tahm Kench,23.0,163.0,0.1411042944785276,9.0,0.05521472392638037,32.0,0.19631901840490798,14.11042944785276,5.521472392638037,11,0.4782608695652174
LCS,Taliyah,24.0,163.0,0.147239263803681,32.0,0.19631901840490798,56.0,0.34355828220858897,14.723926380368098,19.631901840490798,12,0.5
LCS,Taric,1.0,163.0,0.006134969325153374,0.0,0.0,1.0,0.006134969325153374,0.6134969325153374,0.0,0,0.0
LCS,Thresh,35.0,163.0,0.2147239263803681,55.0,0.3374233128834356,90.0,0.5521472392638037,21.472392638036812,33.74233128834356,14,0.4
LCS,Tristana,41.0,163.0,0.25153374233128833,37.0,0.22699386503067484,78.0,0.4785276073619632,25.153374233128833,22.699386503067483,24,0.5853658536585366
LCS,Twisted Fate,26.0,163.0,0.15950920245398773,62.0,0.3803680981595092,88.0,0.5398773006134969,15.950920245398773,38.036809815950924,12,0.46153846153846156
LCS,Udyr,53.0,163.0,0.32515337423312884,78.0,0.4785276073619632,131.0,0.803680981595092,32.515337423312886,47.85276073619632,26,0.49056603773584906
LCS,Urgot,1.0,163.0,0.006134969325153374,0.0,0.0,1.0,0.006134969325153374,0.6134969325153374,0.0,0,0.0
LCS,Varus,2.0,163.0,0.012269938650306749,2.0,0.012269938650306749,4.0,0.024539877300613498,1.2269938650306749,1.2269938650306749,1,0.5
LCS,Vayne,4.0,163.0,0.024539877300613498,3.0,0.018404907975460124,7.0,0.04294478527607362,2.4539877300613497,1.8404907975460123,1,0.25
LCS,Veigar,1.0,163.0,0.006134969325153374,0.0,0.0,1.0,0.006134969325153374,0.6134969325153374,0.0,1,1.0
LCS,Viktor,22.0,163.0,0.13496932515337423,8.0,0.049079754601226995,30.0,0.18404907975460122,13.496932515337424,4.9079754601226995,11,0.5
LCS,Volibear,3.0,163.0,0.018404907975460124,0.0,0.0,3.0,0.018404907975460124,1.8404907975460123,0.0,0,0.0
LCS,Xayah,33.0,163.0,0.20245398773006135,14.0,0.08588957055214724,47.0,0.2883435582822086,20.245398773006134,8.588957055214724,15,0.45454545454545453
LCS,Yasuo,1.0,163.0,0.006134969325153374,0.0,0.0,1.0,0.006134969325153374,0.6134969325153374,0.0,1,1.0
LCS,Yone,16.0,163.0,0.09815950920245399,14.0,0.08588957055214724,30.0,0.18404907975460122,9.815950920245399,8.588957055214724,9,0.5625
LCS,Ziggs,1.0,163.0,0.006134969325153374,0.0,0.0,1.0,0.006134969325153374,0.6134969325153374,0.0,0,0.0
LCS,Zoe,15.0,163.0,0.09202453987730061,5.0,0.03067484662576687,20.0,0.12269938650306748,9.202453987730062,3.067484662576687,10,0.6666666666666666
LEC,Aatrox,18.0,123.0,0.14634146341463414,20.0,0.16260162601626016,38.0,0.3089430894308943,14.634146341463413,16.260162601626014,11,0.6111111111111112
LEC,Ahri,3.0,123.0,0.024390243902439025,0.0,0.0,3.0,0.024390243902439025,2.4390243902439024,0.0,1,0.3333333333333333
LEC,Akali,3.0,123.0,0.024390243902439025,5.0,0.04065040650406504,8.0,0.06504065040650407,2.4390243902439024,4.0650406504065035,2,0.6666666666666666
LEC,Alistar,52.0,123.0,0.42276422764227645,33.0,0.2682926829268293,85.0,0.6910569105691057,42.27642276422765,26.82926829268293,23,0.4423076923076923
LEC,Aphelios,14.0,123.0,0.11382113821138211,3.0,0.024390243902439025,17.0,0.13821138211382114,11.38211382113821,2.4390243902439024,4,0.2857142857142857
LEC,Ashe,8.0,123.0,0.06504065040650407,6.0,0.04878048780487805,14.0,0.11382113821138211,6.504065040650407,4.878048780487805,5,0.625
LEC,Azir,34.0,123.0,0.2764227642276423,21.0,0.17073170731707318,55.0,0.44715447154471544,27.64227642276423,17.073170731707318,15,0.4411764705882353
LEC,Bard,1.0,123.0,0.008130081300813009,0.0,0.0,1.0,0.008130081300813009,0.8130081300813009,0.0,0,0.0
LEC,Blitzcrank,3.0,123.0,0.024390243902439025,4.0,0.032520325203252036,7.0,0.056910569105691054,2.4390243902439024,3.2520325203252036,2,0.6666666666666666
LEC,Braum,7.0,123.0,0.056910569105691054,2.0,0.016260162601626018,9.0,0.07317073170731707,5.691056910569105,1.6260162601626018,2,0.2857142857142857
LEC,Caitlyn,6.0,123.0,0.04878048780487805,18.0,0.14634146341463414,24.0,0.1951219512195122,4.878048780487805,14.634146341463413,1,0.16666666666666666
LEC,Camille,9.0,123.0,0.07317073170731707,28.0,0.22764227642276422,37.0,0.3008130081300813,7.317073170731707,22.76422764227642,3,0.3333333333333333
LEC,Cassiopeia,1.0,123.0,0.008130081300813009,0.0,0.0,1.0,0.008130081300813009,0.8130081300813009,0.0,0,0.0
LEC,Cho'Gath,6.0,123.0,0.04878048780487805,2.0,0.016260162601626018,8.0,0.06504065040650407,4.878048780487805,1.6260162601626018,4,0.6666666666666666
LEC,Corki,6.0,123.0,0.04878048780487805,4.0,0.032520325203252036,10.0,0.08130081300813008,4.878048780487805,3.2520325203252036,3,0.5
LEC,Darius,3.0,123.0,0.024390243902439025,1.0,0.008130081300813009,4.0,0.032520325203252036,2.4390243902439024,0.8130081300813009,2,0.6666666666666666
LEC,Dr. Mundo,4.0,123.0,0.032520325203252036,0.0,0.0,4.0,0.032520325203252036,3.2520325203252036,0.0,1,0.25
LEC,Ekko,4.0,123.0,0.032520325203252036,2.0,0.016260162601626018,6.0,0.04878048780487805,3.2520325203252036,1.6260162601626018,3,0.75
LEC,Evelynn,1.0,123.0,0.008130081300813009,0.0,0.0,1.0,0.008130081300813009,0.8130081300813009,0.0,0,0.0
LEC,Ezreal,8.0,123.0,0.06504065040650407,6.0,0.04878048780487805,14.0,0.11382113821138211,6.504065040650407,4.878048780487805,4,0.5
LEC,Fiora,1.0,123.0,0.008130081300813009,0.0,0.0,1.0,0.008130081300813009,0.8130081300813009,0.0,1,1.0
LEC,Galio,7.0,123.0,0.056910569105691054,3.0,0.024390243902439025,10.0,0.08130081300813008,5.691056910569105,2.4390243902439024,2,0.2857142857142857
LEC,Gangplank,11.0,123.0,0.08943089430894309,18.0,0.14634146341463414,29.0,0.23577235772357724,8.94308943089431,14.634146341463413,9,0.8181818181818182
LEC,Gnar,37.0,123.0,0.3008130081300813,31.0,0.25203252032520324,68.0,0.5528455284552846,30.081300813008134,25.203252032520325,15,0.40540540540540543
LEC,Gragas,43.0,123.0,0.34959349593495936,23.0,0.18699186991869918,66.0,0.5365853658536586,34.959349593495936,18.69918699186992,22,0.5116279069767442
LEC,Graves,24.0,123.0,0.1951219512195122,18.0,0.14634146341463414,42.0,0.34146341463414637,19.51219512195122,14.634146341463413,12,0.5
LEC,Hecarim,39.0,123.0,0.3170731707317073,27.0,0.21951219512195122,66.0,0.5365853658536586,31.70731707317073,21.951219512195124,18,0.46153846153846156
LEC,Irelia,4.0,123.0,0.032520325203252036,1.0,0.008130081300813009,5.0,0.04065040650406504,3.2520325203252036,0.8130081300813009,1,0.25
LEC,Ivern,3.0,123.0,0.024390243902439025,0.0,0.0,3.0,0.024390243902439025,2.4390243902439024,0.0,2,0.6666666666666666
LEC,Jarvan IV,10.0,123.0,0.08130081300813008,1.0,0.008130081300813009,11.0,0.08943089430894309,8.130081300813007,0.8130081300813009,6,0.6
LEC,Jax,2.0,123.0,0.016260162601626018,2.0,0.016260162601626018,4.0,0.032520325203252036,1.6260162601626018,1.6260162601626018,0,0.0
LEC,Jayce,9.0,123.0,0.07317073170731707,17.0,0.13821138211382114,26.0,0.21138211382113822,7.317073170731707,13.821138211382115,4,0.4444444444444444
LEC,Jhin,23.0,123.0,0.18699186991869918,2.0,0.016260162601626018,25.0,0.2032520325203252,18.69918699186992,1.6260162601626018,13,0.5652173913043478
LEC,Jinx,7.0,123.0,0.056910569105691054,19.0,0.15447154471544716,26.0,0.21138211382113822,5.691056910569105,15.447154471544716,4,0.5714285714285714
LEC,Kai'Sa,71.0,123.0,0.5772357723577236,28.0,0.22764227642276422,99.0,0.8048780487804879,57.72357723577236,22.76422764227642,36,0.5070422535211268
LEC,Kalista,13.0,123.0,0.10569105691056911,34.0,0.2764227642276423,47.0,0.3821138211382114,10.569105691056912,27.64227642276423,7,0.5384615384615384
LEC,Karma,13.0,123.0,0.10569105691056911,6.0,0.04878048780487805,19.0,0.15447154471544716,10.569105691056912,4.878048780487805,6,0.46153846153846156
LEC,Karthus,1.0,123.0,0.008130081300813009,0.0,0.0,1.0,0.008130081300813009,0.8130081300813009,0.0,1,1.0
LEC,Kayn,1.0,123.0,0.008130081300813009,1.0,0.008130081300813009,2.0,0.016260162601626018,0.8130081300813009,0.8130081300813009,1,1.0
LEC,Kennen,4.0,123.0,0.032520325203252036,2.0,0.016260162601626018,6.0,0.04878048780487805,3.2520325203252036,1.6260162601626018,3,0.75
LEC,Kindred,1.0,123.0,0.008130081300813009,0.0,0.0,1.0,0.008130081300813009,0.8130081300813009,0.0,0,0.0
LEC,Kled,1.0,123.0,0.008130081300813009,0.0,0.0,1.0,0.008130081300813009,0.8130081300813009,0.0,0,0.0
LEC,LeBlanc,5.0,123.0,0.04065040650406504,1.0,0.008130081300813009,6.0,0.04878048780487805,4.0650406504065035,0.8130081300813009,1,0.2
LEC,Lee Sin,1.0,123.0,0.008130081300813009,0.0,0.0,1.0,0.008130081300813009,0.8130081300813009,0.0,0,0.0
LEC,Leona,26.0,123.0,0.21138211382113822,7.0,0.056910569105691054,33.0,0.2682926829268293,21.138211382113823,5.691056910569105,11,0.4230769230769231
LEC,Lillia,45.0,123.0,0.36585365853658536,40.0,0.3252032520325203,85.0,0.6910569105691057,36.58536585365854,32.52032520325203,23,0.5111111111111111
LEC,Lucian,23.0,123.0,0.18699186991869918,34.0,0.2764227642276423,57.0,0.4634146341463415,18.69918699186992,27.64227642276423,14,0.6086956521739131
LEC,Lulu,4.0,123.0,0.032520325203252036,0.0,0.0,4.0,0.032520325203252036,3.2520325203252036,0.0,1,0.25
LEC,Lux,1.0,123.0,0.008130081300813009,2.0,0.016260162601626018,3.0,0.024390243902439025,0.8130081300813009,1.6260162601626018,1,1.0
LEC,Malphite,3.0,123.0,0.024390243902439025,5.0,0.04065040650406504,8.0,0.06504065040650407,2.4390243902439024,4.0650406504065035,0,0.0
LEC,Miss Fortune,4.0,123.0,0.032520325203252036,6.0,0.04878048780487805,10.0,0.08130081300813008,3.2520325203252036,4.878048780487805,0,0.0
LEC,Morgana,3.0,123.0,0.024390243902439025,2.0,0.016260162601626018,5.0,0.04065040650406504,2.4390243902439024,1.6260162601626018,0,0.0
LEC,Nautilus,12.0,123.0,0.0975609756097561,6.0,0.04878048780487805,18.0,0.14634146341463414,9.75609756097561,4.878048780487805,7,0.5833333333333334
LEC,Nidalee,17.0,123.0,0.13821138211382114,6.0,0.04878048780487805,23.0,0.18699186991869918,13.821138211382115,4.878048780487805,10,0.5882352941176471
LEC,Nocturne,6.0,123.0,0.04878048780487805,6.0,0.04878048780487805,12.0,0.0975609756097561,4.878048780487805,4.878048780487805,3,0.5
LEC,Olaf,20.0,123.0,0.16260162601626016,36.0,0.2926829268292683,56.0,0.45528455284552843,16.260162601626014,29.268292682926827,12,0.6
LEC,Orianna,45.0,123.0,0.36585365853658536,33.0,0.2682926829268293,78.0,0.6341463414634146,36.58536585365854,26.82926829268293,29,0.6444444444444445
LEC,Ornn,5.0,123.0,0.04065040650406504,0.0,0.0,5.0,0.04065040650406504,4.0650406504065035,0.0,3,0.6
LEC,Pantheon,10.0,123.0,0.08130081300813008,25.0,0.2032520325203252,35.0,0.2845528455284553,8.130081300813007,20.32520325203252,5,0.5
LEC,Qiyana,1.0,123.0,0.008130081300813009,0.0,0.0,1.0,0.008130081300813009,0.8130081300813009,0.0,0,0.0
LEC,Quinn,2.0,123.0,0.016260162601626018,0.0,0.0,2.0,0.016260162601626018,1.6260162601626018,0.0,2,1.0
LEC,Rakan,18.0,123.0,0.14634146341463414,9.0,0.07317073170731707,27.0,0.21951219512195122,14.634146341463413,7.317073170731707,10,0.5555555555555556
LEC,Rek'Sai,1.0,123.0,0.008130081300813009,0.0,0.0,1.0,0.008130081300813009,0.8130081300813009,0.0,0,0.0
LEC,Rell,54.0,123.0,0.43902439024390244,40.0,0.3252032520325203,94.0,0.7642276422764228,43.90243902439025,32.52032520325203,33,0.6111111111111112
LEC,Renekton,32.0,123.0,0.2601626016260163,35.0,0.2845528455284553,67.0,0.5447154471544715,26.01626016260163,28.455284552845526,15,0.46875
LEC,Riven,1.0,123.0,0.008130081300813009,0.0,0.0,1.0,0.008130081300813009,0.8130081300813009,0.0,1,1.0
LEC,Rumble,1.0,123.0,0.008130081300813009,1.0,0.008130081300813009,2.0,0.016260162601626018,0.8130081300813009,0.8130081300813009,0,0.0
LEC,Ryze,15.0,123.0,0.12195121951219512,10.0,0.08130081300813008,25.0,0.2032520325203252,12.195121951219512,8.130081300813007,10,0.6666666666666666
LEC,Samira,10.0,123.0,0.08130081300813008,7.0,0.056910569105691054,17.0,0.13821138211382114,8.130081300813007,5.691056910569105,4,0.4
LEC,Senna,17.0,123.0,0.13821138211382114,47.0,0.3821138211382114,64.0,0.5203252032520326,13.821138211382115,38.21138211382114,9,0.5294117647058824
LEC,Seraphine,14.0,123.0,0.11382113821138211,41.0,0.3333333333333333,55.0,0.44715447154471544,11.38211382113821,33.33333333333333,9,0.6428571428571429
LEC,Sett,5.0,123.0,0.04065040650406504,3.0,0.024390243902439025,8.0,0.06504065040650407,4.0650406504065035,2.4390243902439024,3,0.6
LEC,Shen,5.0,123.0,0.04065040650406504,2.0,0.016260162601626018,7.0,0.056910569105691054,4.0650406504065035,1.6260162601626018,2,0.4
LEC,Sion,27.0,123.0,0.21951219512195122,10.0,0.08130081300813008,37.0,0.3008130081300813,21.951219512195124,8.130081300813007,10,0.37037037037037035
LEC,Sivir,3.0,123.0,0.024390243902439025,1.0,0.008130081300813009,4.0,0.032520325203252036,2.4390243902439024,0.8130081300813009,2,0.6666666666666666
LEC,Skarner,8.0,123.0,0.06504065040650407,14.0,0.11382113821138211,22.0,0.17886178861788618,6.504065040650407,11.38211382113821,5,0.625
LEC,Sylas,9.0,123.0,0.07317073170731707,8.0,0.06504065040650407,17.0,0.13821138211382114,7.317073170731707,6.504065040650407,5,0.5555555555555556
LEC,Syndra,25.0,123.0,0.2032520325203252,22.0,0.17886178861788618,47.0,0.3821138211382114,20.32520325203252,17.88617886178862,6,0.24
LEC,Tahm Kench,9.0,123.0,0.07317073170731707,10.0,0.08130081300813008,19.0,0.15447154471544716,7.317073170731707,8.130081300813007,4,0.4444444444444444
LEC,Taliyah,8.0,123.0,0.06504065040650407,30.0,0.24390243902439024,38.0,0.3089430894308943,6.504065040650407,24.390243902439025,7,0.875
LEC,Thresh,22.0,123.0,0.17886178861788618,88.0,0.7154471544715447,110.0,0.8943089430894309,17.88617886178862,71.54471544715447,10,0.45454545454545453
LEC,Tristana,15.0,123.0,0.12195121951219512,44.0,0.35772357723577236,59.0,0.4796747967479675,12.195121951219512,35.77235772357724,6,0.4
LEC,Trundle,1.0,123.0,0.008130081300813009,0.0,0.0,1.0,0.008130081300813009,0.8130081300813009,0.0,0,0.0
LEC,Twisted Fate,25.0,123.0,0.2032520325203252,83.0,0.6747967479674797,108.0,0.8780487804878049,20.32520325203252,67.47967479674797,17,0.68
LEC,Udyr,41.0,123.0,0.3333333333333333,52.0,0.42276422764227645,93.0,0.7560975609756098,33.33333333333333,42.27642276422765,16,0.3902439024390244
LEC,Urgot,6.0,123.0,0.04878048780487805,3.0,0.024390243902439025,9.0,0.07317073170731707,4.878048780487805,2.4390243902439024,5,0.8333333333333334
LEC,Varus,4.0,123.0,0.032520325203252036,0.0,0.0,4.0,0.032520325203252036,3.2520325203252036,0.0,3,0.75
LEC,Vayne,7.0,123.0,0.056910569105691054,6.0,0.04878048780487805,13.0,0.10569105691056911,5.691056910569105,4.878048780487805,5,0.7142857142857143
LEC,Veigar,1.0,123.0,0.008130081300813009,0.0,0.0,1.0,0.008130081300813009,0.8130081300813009,0.0,0,0.0
LEC,Viktor,19.0,123.0,0.15447154471544716,10.0,0.08130081300813008,29.0,0.23577235772357724,15.447154471544716,8.130081300813007,7,0.3684210526315789
LEC,Vladimir,1.0,123.0,0.008130081300813009,0.0,0.0,1.0,0.008130081300813009,0.8130081300813009,0.0,0,0.0
LEC,Volibear,18.0,123.0,0.14634146341463414,8.0,0.06504065040650407,26.0,0.21138211382113822,14.634146341463413,6.504065040650407,12,0.6666666666666666
LEC,Wukong,8.0,123.0,0.06504065040650407,4.0,0.032520325203252036,12.0,0.0975609756097561,6.504065040650407,3.2520325203252036,5,0.625
LEC,Xayah,37.0,123.0,0.3008130081300813,18.0,0.14634146341463414,55.0,0.44715447154471544,30.081300813008134,14.634146341463413,18,0.4864864864864865
LEC,Yone,4.0,123.0,0.032520325203252036,1.0,0.008130081300813009,5.0,0.04065040650406504,3.2520325203252036,0.8130081300813009,2,0.5
LEC,Zoe,10.0,123.0,0.08130081300813008,17.0,0.13821138211382114,27.0,0.21951219512195122,8.130081300813007,13.821138211382115,3,0.3
LJL,Aatrox,10.0,80.0,0.125,5.0,0.0625,15.0,0.1875,12.5,6.25,2,0.2
LJL,Akali,6.0,80.0,0.075,3.0,0.0375,9.0,0.1125,7.5,3.75,4,0.6666666666666666
LJL,Alistar,21.0,80.0,0.2625,9.0,0.1125,30.0,0.375,26.25,11.25,8,0.38095238095238093
LJL,Aphelios,20.0,80.0,0.25,10.0,0.125,30.0,0.375,25.0,12.5,9,0.45
LJL,Ashe,1.0,80.0,0.0125,0.0,0.0,1.0,0.0125,1.25,0.0,1,1.0
LJL,Azir,21.0,80.0,0.2625,7.0,0.0875,28.0,0.35,26.25,8.75,10,0.47619047619047616
LJL,Blitzcrank,2.0,80.0,0.025,3.0,0.0375,5.0,0.0625,2.5,3.75,1,0.5
LJL,Braum,4.0,80.0,0.05,1.0,0.0125,5.0,0.0625,5.0,1.25,4,1.0
LJL,Camille,10.0,80.0,0.125,33.0,0.4125,43.0,0.5375,12.5,41.25,7,0.7
LJL,Cho'Gath,2.0,80.0,0.025,0.0,0.0,2.0,0.025,2.5,0.0,1,0.5
LJL,Corki,2.0,80.0,0.025,0.0,0.0,2.0,0.025,2.5,0.0,1,0.5
LJL,Darius,1.0,80.0,0.0125,7.0,0.0875,8.0,0.1,1.25,8.75,0,0.0
LJL,Dr. Mundo,1.0,80.0,0.0125,0.0,0.0,1.0,0.0125,1.25,0.0,0,0.0
LJL,Elise,1.0,80.0,0.0125,2.0,0.025,3.0,0.0375,1.25,2.5,0,0.0
LJL,Ezreal,13.0,80.0,0.1625,6.0,0.075,19.0,0.2375,16.25,7.5,9,0.6923076923076923
LJL,Galio,10.0,80.0,0.125,24.0,0.3,34.0,0.425,12.5,30.0,7,0.7
LJL,Gangplank,3.0,80.0,0.0375,7.0,0.0875,10.0,0.125,3.75,8.75,1,0.3333333333333333
LJL,Gnar,38.0,80.0,0.475,36.0,0.45,74.0,0.925,47.5,45.0,25,0.6578947368421053
LJL,Gragas,27.0,80.0,0.3375,15.0,0.1875,42.0,0.525,33.75,18.75,14,0.5185185185185185
LJL,Graves,17.0,80.0,0.2125,3.0,0.0375,20.0,0.25,21.25,3.75,5,0.29411764705882354
LJL,Hecarim,19.0,80.0,0.2375,18.0,0.225,37.0,0.4625,23.75,22.5,13,0.6842105263157895
LJL,Heimerdinger,1.0,80.0,0.0125,2.0,0.025,3.0,0.0375,1.25,2.5,0,0.0
LJL,Ivern,1.0,80.0,0.0125,0.0,0.0,1.0,0.0125,1.25,0.0,1,1.0
LJL,Jarvan IV,1.0,80.0,0.0125,2.0,0.025,3.0,0.0375,1.25,2.5,0,0.0
LJL,Jayce,5.0,80.0,0.0625,8.0,0.1,13.0,0.1625,6.25,10.0,2,0.4
LJL,Jhin,2.0,80.0,0.025,1.0,0.0125,3.0,0.0375,2.5,1.25,1,0.5
LJL,Jinx,15.0,80.0,0.1875,2.0,0.025,17.0,0.2125,18.75,2.5,5,0.3333333333333333
LJL,Kai'Sa,41.0,80.0,0.5125,14.0,0.175,55.0,0.6875,51.24999999999999,17.5,19,0.4634146341463415
LJL,Kalista,5.0,80.0,0.0625,3.0,0.0375,8.0,0.1,6.25,3.75,2,0.4
LJL,Karma,3.0,80.0,0.0375,4.0,0.05,7.0,0.0875,3.75,5.0,0,0.0
LJL,Karthus,1.0,80.0,0.0125,5.0,0.0625,6.0,0.075,1.25,6.25,0,0.0
LJL,Kassadin,1.0,80.0,0.0125,0.0,0.0,1.0,0.0125,1.25,0.0,0,0.0
LJL,Kayn,1.0,80.0,0.0125,0.0,0.0,1.0,0.0125,1.25,0.0,1,1.0
LJL,Kindred,1.0,80.0,0.0125,1.0,0.0125,2.0,0.025,1.25,1.25,0,0.0
LJL,LeBlanc,2.0,80.0,0.025,3.0,0.0375,5.0,0.0625,2.5,3.75,1,0.5
LJL,Leona,12.0,80.0,0.15,4.0,0.05,16.0,0.2,15.0,5.0,7,0.5833333333333334
LJL,Lillia,16.0,80.0,0.2,23.0,0.2875,39.0,0.4875,20.0,28.749999999999996,7,0.4375
LJL,Lissandra,1.0,80.0,0.0125,0.0,0.0,1.0,0.0125,1.25,0.0,0,0.0
LJL,Lucian,7.0,80.0,0.0875,17.0,0.2125,24.0,0.3,8.75,21.25,3,0.42857142857142855
LJL,Lulu,2.0,80.0,0.025,0.0,0.0,2.0,0.025,2.5,0.0,0,0.0
LJL,Malphite,1.0,80.0,0.0125,2.0,0.025,3.0,0.0375,1.25,2.5,1,1.0
LJL,Maokai,3.0,80.0,0.0375,1.0,0.0125,4.0,0.05,3.75,1.25,2,0.6666666666666666
LJL,Miss Fortune,5.0,80.0,0.0625,3.0,0.0375,8.0,0.1,6.25,3.75,2,0.4
LJL,Nautilus,7.0,80.0,0.0875,2.0,0.025,9.0,0.1125,8.75,2.5,4,0.5714285714285714
LJL,Neeko,1.0,80.0,0.0125,0.0,0.0,1.0,0.0125,1.25,0.0,1,1.0
LJL,Nidalee,10.0,80.0,0.125,14.0,0.175,24.0,0.3,12.5,17.5,6,0.6
LJL,Nocturne,6.0,80.0,0.075,17.0,0.2125,23.0,0.2875,7.5,21.25,4,0.6666666666666666
LJL,Nunu & Willump,1.0,80.0,0.0125,0.0,0.0,1.0,0.0125,1.25,0.0,0,0.0
LJL,Olaf,30.0,80.0,0.375,37.0,0.4625,67.0,0.8375,37.5,46.25,15,0.5
LJL,Orianna,23.0,80.0,0.2875,32.0,0.4,55.0,0.6875,28.749999999999996,40.0,13,0.5652173913043478
LJL,Ornn,7.0,80.0,0.0875,2.0,0.025,9.0,0.1125,8.75,2.5,2,0.2857142857142857
LJL,Pantheon,1.0,80.0,0.0125,18.0,0.225,19.0,0.2375,1.25,22.5,0,0.0
LJL,Qiyana,1.0,80.0,0.0125,1.0,0.0125,2.0,0.025,1.25,1.25,1,1.0
LJL,Rakan,7.0,80.0,0.0875,7.0,0.0875,14.0,0.175,8.75,8.75,2,0.2857142857142857
LJL,Rek'Sai,1.0,80.0,0.0125,0.0,0.0,1.0,0.0125,1.25,0.0,1,1.0
LJL,Rell,38.0,80.0,0.475,31.0,0.3875,69.0,0.8625,47.5,38.75,23,0.6052631578947368
LJL,Renekton,25.0,80.0,0.3125,35.0,0.4375,60.0,0.75,31.25,43.75,13,0.52
LJL,Rumble,3.0,80.0,0.0375,1.0,0.0125,4.0,0.05,3.75,1.25,1,0.3333333333333333
LJL,Ryze,3.0,80.0,0.0375,2.0,0.025,5.0,0.0625,3.75,2.5,2,0.6666666666666666
LJL,Samira,11.0,80.0,0.1375,9.0,0.1125,20.0,0.25,13.750000000000002,11.25,5,0.45454545454545453
LJL,Senna,14.0,80.0,0.175,29.0,0.3625,43.0,0.5375,17.5,36.25,10,0.7142857142857143
LJL,Seraphine,18.0,80.0,0.225,46.0,0.575,64.0,0.8,22.5,57.49999999999999,10,0.5555555555555556
LJL,Sett,15.0,80.0,0.1875,13.0,0.1625,28.0,0.35,18.75,16.25,8,0.5333333333333333
LJL,Shen,1.0,80.0,0.0125,0.0,0.0,1.0,0.0125,1.25,0.0,0,0.0
LJL,Sion,16.0,80.0,0.2,7.0,0.0875,23.0,0.2875,20.0,8.75,7,0.4375
LJL,Skarner,5.0,80.0,0.0625,4.0,0.05,9.0,0.1125,6.25,5.0,4,0.8
LJL,Sylas,4.0,80.0,0.05,5.0,0.0625,9.0,0.1125,5.0,6.25,4,1.0
LJL,Syndra,20.0,80.0,0.25,4.0,0.05,24.0,0.3,25.0,5.0,10,0.5
LJL,Tahm Kench,8.0,80.0,0.1,0.0,0.0,8.0,0.1,10.0,0.0,3,0.375
LJL,Taliyah,10.0,80.0,0.125,19.0,0.2375,29.0,0.3625,12.5,23.75,7,0.7
LJL,Thresh,32.0,80.0,0.4,32.0,0.4,64.0,0.8,40.0,40.0,11,0.34375
LJL,Tristana,10.0,80.0,0.125,25.0,0.3125,35.0,0.4375,12.5,31.25,5,0.5
LJL,Twisted Fate,8.0,80.0,0.1,38.0,0.475,46.0,0.575,10.0,47.5,5,0.625
LJL,Udyr,34.0,80.0,0.425,32.0,0.4,66.0,0.825,42.5,40.0,17,0.5
LJL,Urgot,2.0,80.0,0.025,2.0,0.025,4.0,0.05,2.5,2.5,0,0.0
LJL,Varus,5.0,80.0,0.0625,1.0,0.0125,6.0,0.075,6.25,1.25,1,0.2
LJL,Vayne,3.0,80.0,0.0375,0.0,0.0,3.0,0.0375,3.75,0.0,1,0.3333333333333333
LJL,Viktor,13.0,80.0,0.1625,6.0,0.075,19.0,0.2375,16.25,7.5,4,0.3076923076923077
LJL,Volibear,11.0,80.0,0.1375,1.0,0.0125,12.0,0.15,13.750000000000002,1.25,4,0.36363636363636365
LJL,Wukong,2.0,80.0,0.025,0.0,0.0,2.0,0.025,2.5,0.0,1,0.5
LJL,Xayah,17.0,80.0,0.2125,6.0,0.075,23.0,0.2875,21.25,7.5,10,0.5882352941176471
LJL,Xin Zhao,3.0,80.0,0.0375,1.0,0.0125,4.0,0.05,3.75,1.25,0,0.0
LJL,Yone,1.0,80.0,0.0125,8.0,0.1,9.0,0.1125,1.25,10.0,0,0.0
LJL,Zed,1.0,80.0,0.0125,2.0,0.025,3.0,0.0375,1.25,2.5,1,1.0
LJL,Ziggs,1.0,80.0,0.0125,1.0,0.0125,2.0,0.025,1.25,1.25,1,1.0
LJL,Zilean,2.0,80.0,0.025,8.0,0.1,10.0,0.125,2.5,10.0,2,1.0
LJL,Zoe,13.0,80.0,0.1625,12.0,0.15,25.0,0.3125,16.25,15.0,5,0.38461538461538464
LPL,Aatrox,58.0,350.0,0.1657142857142857,43.0,0.12285714285714286,101.0,0.2885714285714286,16.57142857142857,12.285714285714286,23,0.39655172413793105
LPL,Akali,11.0,350.0,0.03142857142857143,57.0,0.16285714285714287,68.0,0.19428571428571428,3.1428571428571432,16.28571428571429,6,0.5454545454545454
LPL,Alistar,168.0,350.0,0.48,108.0,0.30857142857142855,276.0,0.7885714285714286,48.0,30.857142857142854,85,0.5059523809523809
LPL,Aphelios,61.0,350.0,0.1742857142857143,50.0,0.14285714285714285,111.0,0.3171428571428571,17.42857142857143,14.285714285714285,29,0.47540983606557374
LPL,Ashe,2.0,350.0,0.005714285714285714,0.0,0.0,2.0,0.005714285714285714,0.5714285714285714,0.0,0,0.0
LPL,Azir,92.0,350.0,0.26285714285714284,81.0,0.23142857142857143,173.0,0.4942857142857143,26.285714285714285,23.142857142857142,48,0.5217391304347826
LPL,Bard,4.0,350.0,0.011428571428571429,1.0,0.002857142857142857,5.0,0.014285714285714285,1.1428571428571428,0.2857142857142857,3,0.75
LPL,Braum,4.0,350.0,0.011428571428571429,1.0,0.002857142857142857,5.0,0.014285714285714285,1.1428571428571428,0.2857142857142857,1,0.25
LPL,Caitlyn,2.0,350.0,0.005714285714285714,0.0,0.0,2.0,0.005714285714285714,0.5714285714285714,0.0,1,0.5
LPL,Camille,46.0,350.0,0.13142857142857142,124.0,0.35428571428571426,170.0,0.4857142857142857,13.142857142857142,35.42857142857142,24,0.5217391304347826
LPL,Cassiopeia,5.0,350.0,0.014285714285714285,7.0,0.02,12.0,0.03428571428571429,1.4285714285714286,2.0,3,0.6
LPL,Cho'Gath,6.0,350.0,0.017142857142857144,2.0,0.005714285714285714,8.0,0.022857142857142857,1.7142857142857144,0.5714285714285714,3,0.5
LPL,Corki,10.0,350.0,0.02857142857142857,4.0,0.011428571428571429,14.0,0.04,2.857142857142857,1.1428571428571428,5,0.5
LPL,Dr. Mundo,6.0,350.0,0.017142857142857144,2.0,0.005714285714285714,8.0,0.022857142857142857,1.7142857142857144,0.5714285714285714,2,0.3333333333333333
LPL,Draven,4.0,350.0,0.011428571428571429,1.0,0.002857142857142857,5.0,0.014285714285714285,1.1428571428571428,0.2857142857142857,2,0.5
LPL,Ekko,2.0,350.0,0.005714285714285714,2.0,0.005714285714285714,4.0,0.011428571428571429,0.5714285714285714,0.5714285714285714,0,0.0
LPL,Elise,1.0,350.0,0.002857142857142857,6.0,0.017142857142857144,7.0,0.02,0.2857142857142857,1.7142857142857144,1,1.0
LPL,Ezreal,13.0,350.0,0.037142857142857144,4.0,0.011428571428571429,17.0,0.04857142857142857,3.7142857142857144,1.1428571428571428,5,0.38461538461538464
LPL,Fiora,2.0,350.0,0.005714285714285714,1.0,0.002857142857142857,3.0,0.008571428571428572,0.5714285714285714,0.2857142857142857,0,0.0
LPL,Galio,59.0,350.0,0.16857142857142857,43.0,0.12285714285714286,102.0,0.2914285714285714,16.857142857142858,12.285714285714286,25,0.423728813559322
LPL,Gangplank,29.0,350.0,0.08285714285714285,24.0,0.06857142857142857,53.0,0.15142857142857144,8.285714285714285,6.857142857142858,17,0.5862068965517241
LPL,Gnar,143.0,350.0,0.4085714285714286,150.0,0.42857142857142855,293.0,0.8371428571428572,40.85714285714286,42.857142857142854,76,0.5314685314685315
LPL,Gragas,116.0,350.0,0.3314285714285714,115.0,0.32857142857142857,231.0,0.66,33.14285714285714,32.857142857142854,65,0.5603448275862069
LPL,Graves,66.0,350.0,0.18857142857142858,26.0,0.07428571428571429,92.0,0.26285714285714284,18.857142857142858,7.428571428571429,20,0.30303030303030304
LPL,Hecarim,94.0,350.0,0.26857142857142857,75.0,0.21428571428571427,169.0,0.4828571428571429,26.857142857142858,21.428571428571427,51,0.5425531914893617
LPL,Irelia,17.0,350.0,0.04857142857142857,20.0,0.05714285714285714,37.0,0.10571428571428572,4.857142857142857,5.714285714285714,9,0.5294117647058824
LPL,Janna,1.0,350.0,0.002857142857142857,0.0,0.0,1.0,0.002857142857142857,0.2857142857142857,0.0,0,0.0
LPL,Jarvan IV,3.0,350.0,0.008571428571428572,1.0,0.002857142857142857,4.0,0.011428571428571429,0.8571428571428572,0.2857142857142857,0,0.0
LPL,Jax,5.0,350.0,0.014285714285714285,2.0,0.005714285714285714,7.0,0.02,1.4285714285714286,0.5714285714285714,1,0.2
LPL,Jayce,83.0,350.0,0.23714285714285716,90.0,0.2571428571428571,173.0,0.4942857142857143,23.714285714285715,25.71428571428571,49,0.5903614457831325
LPL,Jhin,32.0,350.0,0.09142857142857143,7.0,0.02,39.0,0.11142857142857143,9.142857142857142,2.0,13,0.40625
LPL,Jinx,43.0,350.0,0.12285714285714286,16.0,0.045714285714285714,59.0,0.16857142857142857,12.285714285714286,4.571428571428571,24,0.5581395348837209
LPL,Kai'Sa,192.0,350.0,0.5485714285714286,132.0,0.37714285714285717,324.0,0.9257142857142857,54.85714285714286,37.714285714285715,111,0.578125
LPL,Kalista,19.0,350.0,0.054285714285714284,22.0,0.06285714285714286,41.0,0.11714285714285715,5.428571428571429,6.2857142857142865,6,0.3157894736842105
LPL,Karma,12.0,350.0,0.03428571428571429,2.0,0.005714285714285714,14.0,0.04,3.428571428571429,0.5714285714285714,4,0.3333333333333333
LPL,Karthus,8.0,350.0,0.022857142857142857,5.0,0.014285714285714285,13.0,0.037142857142857144,2.2857142857142856,1.4285714285714286,5,0.625
LPL,Kassadin,6.0,350.0,0.017142857142857144,2.0,0.005714285714285714,8.0,0.022857142857142857,1.7142857142857144,0.5714285714285714,6,1.0
LPL,Kayn,9.0,350.0,0.025714285714285714,3.0,0.008571428571428572,12.0,0.03428571428571429,2.571428571428571,0.8571428571428572,5,0.5555555555555556
LPL,Kennen,9.0,350.0,0.025714285714285714,6.0,0.017142857142857144,15.0,0.04285714285714286,2.571428571428571,1.7142857142857144,1,0.1111111111111111
LPL,Kindred,5.0,350.0,0.014285714285714285,6.0,0.017142857142857144,11.0,0.03142857142857143,1.4285714285714286,1.7142857142857144,1,0.2
LPL,Kled,4.0,350.0,0.011428571428571429,4.0,0.011428571428571429,8.0,0.022857142857142857,1.1428571428571428,1.1428571428571428,4,1.0
LPL,LeBlanc,11.0,350.0,0.03142857142857143,4.0,0.011428571428571429,15.0,0.04285714285714286,3.1428571428571432,1.1428571428571428,3,0.2727272727272727
LPL,Lee Sin,6.0,350.0,0.017142857142857144,2.0,0.005714285714285714,8.0,0.022857142857142857,1.7142857142857144,0.5714285714285714,4,0.6666666666666666
LPL,Leona,88.0,350.0,0.25142857142857145,49.0,0.14,137.0,0.3914285714285714,25.142857142857146,14.000000000000002,43,0.48863636363636365
LPL,Lillia,100.0,350.0,0.2857142857142857,96.0,0.2742857142857143,196.0,0.56,28.57142857142857,27.42857142857143,51,0.51
LPL,Lucian,39.0,350.0,0.11142857142857143,69.0,0.19714285714285715,108.0,0.30857142857142855,11.142857142857142,19.714285714285715,26,0.6666666666666666
LPL,Lulu,4.0,350.0,0.011428571428571429,0.0,0.0,4.0,0.011428571428571429,1.1428571428571428,0.0,1,0.25
LPL,Malphite,7.0,350.0,0.02,10.0,0.02857142857142857,17.0,0.04857142857142857,2.0,2.857142857142857,1,0.14285714285714285
LPL,Maokai,9.0,350.0,0.025714285714285714,3.0,0.008571428571428572,12.0,0.03428571428571429,2.571428571428571,0.8571428571428572,5,0.5555555555555556
LPL,Miss Fortune,17.0,350.0,0.04857142857142857,7.0,0.02,24.0,0.06857142857142857,4.857142857142857,2.0,8,0.47058823529411764
LPL,Morgana,2.0,350.0,0.005714285714285714,1.0,0.002857142857142857,3.0,0.008571428571428572,0.5714285714285714,0.2857142857142857,0,0.0
LPL,Nautilus,39.0,350.0,0.11142857142857143,17.0,0.04857142857142857,56.0,0.16,11.142857142857142,4.857142857142857,10,0.2564102564102564
LPL,Neeko,2.0,350.0,0.005714285714285714,0.0,0.0,2.0,0.005714285714285714,0.5714285714285714,0.0,2,1.0
LPL,Nidalee,45.0,350.0,0.12857142857142856,118.0,0.33714285714285713,163.0,0.4657142857142857,12.857142857142856,33.714285714285715,26,0.5777777777777777
LPL,Nocturne,20.0,350.0,0.05714285714285714,44.0,0.12571428571428572,64.0,0.18285714285714286,5.714285714285714,12.571428571428573,11,0.55
LPL,Olaf,119.0,350.0,0.34,113.0,0.32285714285714284,232.0,0.6628571428571428,34.0,32.285714285714285,58,0.48739495798319327
LPL,Orianna,137.0,350.0,0.3914285714285714,114.0,0.32571428571428573,251.0,0.7171428571428572,39.14285714285714,32.57142857142858,73,0.5328467153284672
LPL,Ornn,38.0,350.0,0.10857142857142857,47.0,0.13428571428571429,85.0,0.24285714285714285,10.857142857142858,13.428571428571429,13,0.34210526315789475
LPL,Pantheon,33.0,350.0,0.09428571428571429,93.0,0.26571428571428574,126.0,0.36,9.428571428571429,26.571428571428573,23,0.696969696969697
LPL,Qiyana,1.0,350.0,0.002857142857142857,1.0,0.002857142857142857,2.0,0.005714285714285714,0.2857142857142857,0.2857142857142857,1,1.0
LPL,Quinn,5.0,350.0,0.014285714285714285,11.0,0.03142857142857143,16.0,0.045714285714285714,1.4285714285714286,3.1428571428571432,4,0.8
LPL,Rakan,31.0,350.0,0.08857142857142856,27.0,0.07714285714285714,58.0,0.1657142857142857,8.857142857142856,7.7142857142857135,17,0.5483870967741935
LPL,Rek'Sai,1.0,350.0,0.002857142857142857,0.0,0.0,1.0,0.002857142857142857,0.2857142857142857,0.0,0,0.0
LPL,Rell,132.0,350.0,0.37714285714285717,88.0,0.25142857142857145,220.0,0.6285714285714286,37.714285714285715,25.142857142857146,75,0.5681818181818182
LPL,Renekton,118.0,350.0,0.33714285714285713,187.0,0.5342857142857143,305.0,0.8714285714285714,33.714285714285715,53.42857142857142,62,0.5254237288135594
LPL,Rumble,14.0,350.0,0.04,5.0,0.014285714285714285,19.0,0.054285714285714284,4.0,1.4285714285714286,6,0.42857142857142855
LPL,Ryze,30.0,350.0,0.08571428571428572,25.0,0.07142857142857142,55.0,0.15714285714285714,8.571428571428571,7.142857142857142,16,0.5333333333333333
LPL,Samira,60.0,350.0,0.17142857142857143,78.0,0.22285714285714286,138.0,0.3942857142857143,17.142857142857142,22.285714285714285,23,0.38333333333333336
LPL,Sejuani,9.0,350.0,0.025714285714285714,3.0,0.008571428571428572,12.0,0.03428571428571429,2.571428571428571,0.8571428571428572,6,0.6666666666666666
LPL,Senna,18.0,350.0,0.05142857142857143,10.0,0.02857142857142857,28.0,0.08,5.142857142857142,2.857142857142857,5,0.2777777777777778
LPL,Seraphine,26.0,350.0,0.07428571428571429,54.0,0.15428571428571428,80.0,0.22857142857142856,7.428571428571429,15.428571428571427,11,0.4230769230769231
LPL,Sett,44.0,350.0,0.12571428571428572,38.0,0.10857142857142857,82.0,0.2342857142857143,12.571428571428573,10.857142857142858,23,0.5227272727272727
LPL,Shen,4.0,350.0,0.011428571428571429,0.0,0.0,4.0,0.011428571428571429,1.1428571428571428,0.0,2,0.5
LPL,Sion,46.0,350.0,0.13142857142857142,26.0,0.07428571428571429,72.0,0.2057142857142857,13.142857142857142,7.428571428571429,18,0.391304347826087
LPL,Sivir,3.0,350.0,0.008571428571428572,0.0,0.0,3.0,0.008571428571428572,0.8571428571428572,0.0,0,0.0
LPL,Skarner,4.0,350.0,0.011428571428571429,2.0,0.005714285714285714,6.0,0.017142857142857144,1.1428571428571428,0.5714285714285714,3,0.75
LPL,Sylas,27.0,350.0,0.07714285714285714,28.0,0.08,55.0,0.15714285714285714,7.7142857142857135,8.0,18,0.6666666666666666
LPL,Syndra,64.0,350.0,0.18285714285714286,67.0,0.19142857142857142,131.0,0.3742857142857143,18.285714285714285,19.142857142857142,20,0.3125
LPL,Tahm Kench,22.0,350.0,0.06285714285714286,19.0,0.054285714285714284,41.0,0.11714285714285715,6.2857142857142865,5.428571428571429,11,0.5
LPL,Taliyah,22.0,350.0,0.06285714285714286,37.0,0.10571428571428572,59.0,0.16857142857142857,6.2857142857142865,10.571428571428571,16,0.7272727272727273
LPL,Taric,1.0,350.0,0.002857142857142857,0.0,0.0,1.0,0.002857142857142857,0.2857142857142857,0.0,0,0.0
LPL,Thresh,78.0,350.0,0.22285714285714286,161.0,0.46,239.0,0.6828571428571428,22.285714285714285,46.0,40,0.5128205128205128
LPL,Tristana,114.0,350.0,0.32571428571428573,75.0,0.21428571428571427,189.0,0.54,32.57142857142858,21.428571428571427,59,0.5175438596491229
LPL,Trundle,3.0,350.0,0.008571428571428572,0.0,0.0,3.0,0.008571428571428572,0.8571428571428572,0.0,1,0.3333333333333333
LPL,Twisted Fate,45.0,350.0,0.12857142857142856,155.0,0.44285714285714284,200.0,0.5714285714285714,12.857142857142856,44.285714285714285,23,0.5111111111111111
LPL,Udyr,149.0,350.0,0.4257142857142857,87.0,0.24857142857142858,236.0,0.6742857142857143,42.57142857142857,24.857142857142858,69,0.46308724832214765
LPL,Varus,18.0,350.0,0.05142857142857143,10.0,0.02857142857142857,28.0,0.08,5.142857142857142,2.857142857142857,13,0.7222222222222222
LPL,Vayne,20.0,350.0,0.05714285714285714,10.0,0.02857142857142857,30.0,0.08571428571428572,5.714285714285714,2.857142857142857,7,0.35
LPL,Viktor,63.0,350.0,0.18,19.0,0.054285714285714284,82.0,0.2342857142857143,18.0,5.428571428571429,31,0.49206349206349204
LPL,Volibear,18.0,350.0,0.05142857142857143,6.0,0.017142857142857144,24.0,0.06857142857142857,5.142857142857142,1.7142857142857144,4,0.2222222222222222
LPL,Wukong,11.0,350.0,0.03142857142857143,7.0,0.02,18.0,0.05142857142857143,3.1428571428571432,2.0,4,0.36363636363636365
LPL,Xayah,89.0,350.0,0.2542857142857143,35.0,0.1,124.0,0.35428571428571426,25.428571428571427,10.0,52,0.5842696629213483
LPL,Xin Zhao,2.0,350.0,0.005714285714285714,1.0,0.002857142857142857,3.0,0.008571428571428572,0.5714285714285714,0.2857142857142857,1,0.5
LPL,Yone,9.0,350.0,0.025714285714285714,17.0,0.04857142857142857,26.0,0.07428571428571429,2.571428571428571,4.857142857142857,4,0.4444444444444444
LPL,Zilean,4.0,350.0,0.011428571428571429,8.0,0.022857142857142857,12.0,0.03428571428571429,1.1428571428571428,2.2857142857142856,2,0.5
LPL,Zoe,67.0,350.0,0.19142857142857142,188.0,0.5371428571428571,255.0,0.7285714285714285,19.142857142857142,53.714285714285715,31,0.4626865671641791
