state,date,fy_value,fy_pct,ytd_value,ytd_pct
Alabama,1999,246756.0,,101573.0,
Alabama,2000,221911.0,-0.1006865081294882,91963.0,-0.09461175706142377
Alabama,2001,230187.0,0.0372942305699131,92518.0,0.006035035829627056
Alabama,2002,221008.0,-0.0398762745072484,92961.0,0.004788257420177633
Alabama,2003,225479.0,0.020230036921740302,95956.0,0.032217811770527405
Alabama,2004,229997.0,0.020037342723712603,97110.0,0.012026345408312045
Alabama,2005,235873.0,0.025548159323817377,97233.0,0.0012666048810627828
Alabama,2006,243176.0,0.030961576780725197,103729.0,0.06680859379017412
Alabama,2007,245355.0,0.008960588215942256,108059.0,0.04174338902332031
Alabama,2008,299432.0,0.220403089401072,127755.0,0.18227079650931444
Alabama,2009,317868.0,0.06156990568810272,148247.0,0.16040076709326456
Alabama,2010,308607.0,-0.02913473517309073,139600.0,-0.05832833042152619
Alabama,2011,336102.0,0.08909389612030827,147376.0,0.05570200573065898
Alabama,2012,431356.0,0.28340801304365937,178276.0,0.2096677885137337
Alabama,2013,563880.0,0.30722651359897624,246242.0,0.38124032399201235
Alabama,2014,621305.0,0.10183904376817754,304893.0,0.23818438771614914
Alabama,2015,737509.0,0.18703213397606655,308542.0,0.011968133082753685
Alabama,2016,616947.0,-0.1634719033937213,328487.0,0.06464273907604157
Alabama,2017,477345.0,-0.2262787565220351,238232.0,-0.2747597317397644
Alabama,2018,474294.0,-0.006391603557175607,234938.0,-0.013826857852849317
Alabama,2019,690084.0,0.45497096737466625,271067.0,0.15378099753977637
Alabama,2020,1085475.0,0.5729606830472811,538460.0,0.9864461553785595
Alabama,2021,515239.0,-0.5253331490821991,515239.0,-0.04312483749953566
Alaska,1999,43073.0,-0.9164019028062704,18307.0,-0.9644689163669675
Alaska,2000,39959.0,-0.07229586980242841,17283.0,-0.05593488829409521
Alaska,2001,39959.0,0.0,16653.0,-0.03645200486026734
Alaska,2002,36793.0,-0.0792312119922921,16100.0,-0.033207229928541415
Alaska,2003,37059.0,0.007229636072078938,17204.0,0.0685714285714285
Alaska,2004,40504.0,0.09295987479424705,18050.0,0.04917461055568473
Alaska,2005,44514.0,0.09900256764763982,19282.0,0.06825484764542944
Alaska,2006,47037.0,0.05667879768162831,21481.0,0.1140441862877295
Alaska,2007,49604.0,0.0545740587197312,22480.0,0.04650621479446948
Alaska,2008,61729.0,0.24443593258608187,24472.0,0.0886120996441282
Alaska,2009,60780.0,-0.015373649338236484,29091.0,0.18874632232755806
Alaska,2010,65909.0,0.08438631128660745,30969.0,0.06455604826234929
Alaska,2011,70198.0,0.06507457251665172,33238.0,0.07326681520229905
Alaska,2012,85342.0,0.21573264195561137,36709.0,0.10442866598471623
Alaska,2013,93405.0,0.09447868575847762,50783.0,0.3833937181617586
Alaska,2014,87623.0,-0.06190246774797925,40051.0,-0.21133056337750822
Alaska,2015,85621.0,-0.022847882405304554,38330.0,-0.04297021297845249
Alaska,2016,87647.0,0.023662419266301526,40110.0,0.046438820767023214
Alaska,2017,80839.0,-0.07767521991625492,37166.0,-0.07339815507354774
Alaska,2018,78761.0,-0.02570541446579,38866.0,0.04574073077543983
Alaska,2019,76923.0,-0.02333642284887194,35389.0,-0.08946122575001292
Alaska,2020,98952.0,0.28637728637728643,46614.0,0.31718895702054306
Alaska,2021,48493.0,-0.5099341094672164,48493.0,0.04030977817822978
Arizona,1999,173548.0,2.578825809910709,82733.0,0.7060812900831048
Arizona,2000,148263.0,-0.14569456288750082,73682.0,-0.10940011845333786
Arizona,2001,147582.0,-0.004593189130126851,67077.0,-0.08964197497353488
Arizona,2002,142260.0,-0.036061308289628835,66287.0,-0.011777509429461652
Arizona,2003,145719.0,0.02431463517503163,70409.0,0.062184138669724165
Arizona,2004,155719.0,0.0686252307523385,74699.0,0.06092971069039477
Arizona,2005,176649.0,0.13440877478021318,79832.0,0.06871577932770179
Arizona,2006,204178.0,0.15584011231311812,93950.0,0.1768463773925244
Arizona,2007,192071.0,-0.0592963002870045,97531.0,0.03811601915912721
Arizona,2008,208721.0,0.08668669398295425,100286.0,0.02824742902256716
Arizona,2009,215379.0,0.03189904226215856,121168.0,0.20822447799294008
Arizona,2010,206050.0,-0.04331434355252828,99038.0,-0.18263898058893435
Arizona,2011,251477.0,0.22046590633341423,123043.0,0.2423817120701146
Arizona,2012,339663.0,0.35067222847417456,155466.0,0.26350950480726243
Arizona,2013,363036.0,0.06881232280230698,201994.0,0.29928087170185114
Arizona,2014,310672.0,-0.14423913881818884,154976.0,-0.23276929017693593
Arizona,2015,331442.0,0.06685507544934843,155849.0,0.005633130291141875
Arizona,2016,416279.0,0.255963335968284,196228.0,0.25909052993602777
Arizona,2017,384930.0,-0.07530766625268148,196069.0,-0.000810281916953759
Arizona,2018,377838.0,-0.018424129062426964,194443.0,-0.00829299889324675
Arizona,2019,372912.0,-0.013037333460371947,185073.0,-0.04818892940347552
Arizona,2020,665458.0,0.7844907109452095,338234.0,0.827570742355719
Arizona,2021,322799.0,-0.5149220536833279,322799.0,-0.04563408764346577
Arkansas,1999,184616.0,-0.4280775343170208,73165.0,-0.7733419248510683
Arkansas,2000,169628.0,-0.08118472938423538,72779.0,-0.005275746600150399
Arkansas,2001,166062.0,-0.021022472704977924,67448.0,-0.07324915154096645
Arkansas,2002,153424.0,-0.07610410569546311,64462.0,-0.04427114221326056
Arkansas,2003,150249.0,-0.020694285118364797,62601.0,-0.02886972169650337
Arkansas,2004,158366.0,0.05402365406758114,64864.0,0.0361495822750435
Arkansas,2005,164001.0,0.035582132528446664,67212.0,0.03619881598421304
Arkansas,2006,170129.0,0.03736562581935465,70606.0,0.05049693507111819
Arkansas,2007,169824.0,-0.0017927572606668551,72214.0,0.022774268475767023
Arkansas,2008,191799.0,0.12939867156585638,83220.0,0.15240812030908124
Arkansas,2009,209842.0,0.09407244041939733,105675.0,0.2698269646719538
Arkansas,2010,191448.0,-0.08765642721666778,87766.0,-0.1694724390820913
Arkansas,2011,206228.0,0.07720111988633982,94776.0,0.07987147642595072
Arkansas,2012,246193.0,0.19379036794227744,102606.0,0.08261585211445932
Arkansas,2013,279736.0,0.1362467657488231,148688.0,0.44911603609925344
Arkansas,2014,234282.0,-0.16248891812280153,109723.0,-0.262058807704724
Arkansas,2015,257346.0,0.09844546315978175,111388.0,0.015174575977689342
Arkansas,2016,266014.0,0.03368227988777761,126582.0,0.13640607605846222
Arkansas,2017,237629.0,-0.10670491026788065,112415.0,-0.11191954622300171
Arkansas,2018,248439.0,0.04549108063409779,120957.0,0.07598630076057455
Arkansas,2019,221344.0,-0.10906097673875681,104878.0,-0.132931537653877
Arkansas,2020,324741.0,0.467132608067081,159506.0,0.5208718701729629
Arkansas,2021,155524.0,-0.5210829553397939,155524.0,-0.024964578134991755
California,1999,883144.0,4.678506211259998,372200.0,1.3931997633805713
California,2000,794506.0,-0.10036641816057179,374919.0,0.007305212251477622
California,2001,854569.0,0.07559791870671839,405500.0,0.08156695179492113
California,2002,684390.0,-0.19914015135114893,339725.0,-0.16220715166461164
California,2003,524431.0,-0.23372492292406377,261051.0,-0.23158142615350652
California,2004,548843.0,0.046549498408751555,261095.0,0.00016854944053079635
California,2005,611022.0,0.1132910504461202,288103.0,0.10344127616384835
California,2006,617820.0,0.011125622318018058,326087.0,0.13184173715650305
California,2007,855943.0,0.38542455731442815,438579.0,0.3449754206699438
California,2008,780398.0,-0.08825938175789738,381596.0,-0.129926421465688
California,2009,788164.0,0.009951332525198753,407832.0,0.06875334122999188
California,2010,816399.0,0.03582376256718134,413313.0,0.013439357382451611
California,2011,905701.0,0.10938523932537891,449473.0,0.08748817482150328
California,2012,1132603.0,0.25052638784764514,531751.0,0.1830543770148596
California,2013,1368295.0,0.20809762997272663,690725.0,0.2989632365524466
California,2014,1474616.0,0.07770327305149838,706803.0,0.02327699156683205
California,2015,1761079.0,0.19426277756378618,773878.0,0.09489914445750802
California,2016,2377167.0,0.34983552696954545,1147934.0,0.483352673160369
California,2017,1570110.0,-0.33950370335782043,798526.0,-0.3043798685290269
California,2018,1297132.0,-0.17385915636484073,689446.0,-0.1366016886112662
California,2019,1240632.0,-0.04355763330177653,660797.0,-0.04155365322302251
California,2020,1601054.0,0.29051483437473813,748665.0,0.1329727586535654
California,2021,769591.0,-0.5193222714536798,769591.0,0.02795108626688836
Colorado,1999,257308.0,-0.6656561732140838,92215.0,-0.8801766132919954
Colorado,2000,307512.0,0.19511247221229033,136164.0,0.47659274521498673
Colorado,2001,348696.0,0.13392648091781778,142622.0,0.04742810140712672
Colorado,2002,183754.0,-0.47302521393993624,83680.0,-0.4132742494145363
Colorado,2003,181257.0,-0.013588819835214427,84022.0,0.004086998087954097
Colorado,2004,194191.0,0.07135724413401956,84072.0,0.0005950822403655298
Colorado,2005,206287.0,0.06228918950929763,96069.0,0.14269911504424782
Colorado,2006,214749.0,0.04102051995520806,98346.0,0.023701714392780238
Colorado,2007,221737.0,0.03254031450670314,104615.0,0.06374433123868783
Colorado,2008,285521.0,0.28765609708799156,120263.0,0.14957702050375188
Colorado,2009,313641.0,0.09848662620262605,171448.0,0.4256088738847359
Colorado,2010,300820.0,-0.040877946441951196,142511.0,-0.16878003826233023
Colorado,2011,336296.0,0.1179309886310751,161978.0,0.13659998175579435
Colorado,2012,414838.0,0.2335502057711063,185214.0,0.14345157984417645
Colorado,2013,514658.0,0.2406240508343016,289642.0,0.5638234690682129
Colorado,2014,413284.0,-0.19697352416556235,201925.0,-0.3028462722947639
Colorado,2015,454062.0,0.09866822814335907,207794.0,0.029065246997647565
Colorado,2016,540514.0,0.19039690614938043,261228.0,0.2571489070906763
Colorado,2017,496995.0,-0.08051410324246921,238725.0,-0.08614313932656525
Colorado,2018,524770.0,0.05588587410336121,278489.0,0.1665682270394806
Colorado,2019,469535.0,-0.10525563580235153,236893.0,-0.14936317053815407
Colorado,2020,680507.0,0.44932113686945585,328241.0,0.3856086925320714
Colorado,2021,341260.0,-0.4985209556992066,341260.0,0.03966293059063308
Connecticut,1999,87209.0,-0.7444499794877806,46455.0,-0.8638721209634883
Connecticut,2000,87586.0,0.004322948319554154,44825.0,-0.03508771929824561
Connecticut,2001,89689.0,0.02401068663941719,41197.0,-0.08093697713329617
Connecticut,2002,93598.0,0.04358394005953903,47788.0,0.1599873777216787
Connecticut,2003,100567.0,0.07445671916066576,48636.0,0.0177450405959656
Connecticut,2004,100916.0,0.0034703232670756368,52773.0,0.08506044905008636
Connecticut,2005,97599.0,-0.032868920686511593,49605.0,-0.06003069751577517
Connecticut,2006,97616.0,0.00017418211252162585,49023.0,-0.011732688237072852
Connecticut,2007,116112.0,0.18947713489591878,55485.0,0.13181567835505792
Connecticut,2008,155885.0,0.3425399614165634,72356.0,0.3040641614850861
Connecticut,2009,202454.0,0.29873945536773894,113159.0,0.5639200619160816
Connecticut,2010,179595.0,-0.11290959921760002,93899.0,-0.17020298871499395
Connecticut,2011,186068.0,0.03604220607477937,95467.0,0.016698793384381183
Connecticut,2012,237496.0,0.27639357654190944,114999.0,0.2045942577016142
Connecticut,2013,294338.0,0.2393387678108263,162233.0,0.4107340063826641
Connecticut,2014,270297.0,-0.08167820668754966,143157.0,-0.11758396873632371
Connecticut,2015,307750.0,0.1385623961790179,155237.0,0.08438288033417862
Connecticut,2016,317692.0,0.03230544272948821,194533.0,0.2531355282567944
Connecticut,2017,181779.0,-0.42781373153872304,98128.0,-0.4955714454616954
Connecticut,2018,177690.0,-0.022494347531893166,91601.0,-0.06651516386760148
Connecticut,2019,172935.0,-0.02676008779334793,94230.0,0.02870056003755428
Connecticut,2020,219227.0,0.26768439008876177,97785.0,0.03772683858643755
Connecticut,2021,163741.0,-0.2530983866038399,163741.0,0.6745001789640539
Delaware,1999,17594.0,-0.8925498195320659,6613.0,-0.9596130474346681
Delaware,2000,15347.0,-0.1277139934068432,6299.0,-0.04748223196733703
Delaware,2001,16619.0,0.08288264807454215,6106.0,-0.030639784092713174
Delaware,2002,16388.0,-0.013899753294422057,6751.0,0.10563380281690149
Delaware,2003,16361.0,-0.001647546985599213,7011.0,0.03851281291660502
Delaware,2004,16424.0,0.0038506203777275427,6668.0,-0.048923120810155485
Delaware,2005,17121.0,0.04243789576229906,7227.0,0.08383323335332937
Delaware,2006,16698.0,-0.024706500788505337,7339.0,0.01549744015497434
Delaware,2007,15912.0,-0.047071505569529326,7346.0,0.000953808420765867
Delaware,2008,18102.0,0.13763197586726994,7486.0,0.019057990743261533
Delaware,2009,20530.0,0.13412882554413885,10270.0,0.3718942025113545
Delaware,2010,19240.0,-0.06283487579152458,8791.0,-0.1440116845180136
Delaware,2011,22490.0,0.16891891891891886,10017.0,0.13946081219428952
Delaware,2012,30724.0,0.366118274788795,12590.0,0.25686333233503045
Delaware,2013,40062.0,0.3039317797161827,22644.0,0.7985702938840349
Delaware,2014,42950.0,0.0720882631920523,18873.0,-0.16653418124006358
Delaware,2015,50416.0,0.1738300349243307,23560.0,0.24834419541143427
Delaware,2016,59430.0,0.17879244684227236,28703.0,0.21829371816638377
Delaware,2017,50639.0,-0.14792192495372702,26834.0,-0.06511514475838764
Delaware,2018,47723.0,-0.057584075514919286,26506.0,-0.012223298800029814
Delaware,2019,46427.0,-0.02715671688703558,23491.0,-0.11374783067984606
Delaware,2020,77057.0,0.6597454067676136,35710.0,0.5201566557404964
Delaware,2021,37764.0,-0.5099212271435432,37764.0,0.057518902268272276
District of Columbia,1999,21.0,-0.9994439148395297,10.0,-0.9997351975426332
District of Columbia,2000,17.0,-0.19047619047619047,12.0,0.19999999999999996
District of Columbia,2001,17.0,0.0,12.0,0.0
District of Columbia,2002,7.0,-0.5882352941176471,6.0,-0.5
District of Columbia,2003,11.0,0.5714285714285714,4.0,-0.33333333333333337
District of Columbia,2004,14.0,0.2727272727272727,9.0,1.25
District of Columbia,2005,20.0,0.4285714285714286,8.0,-0.11111111111111116
District of Columbia,2006,252.0,11.6,232.0,28.0
District of Columbia,2007,136.0,-0.46031746031746035,128.0,-0.4482758620689655
District of Columbia,2008,259.0,0.9044117647058822,70.0,-0.453125
District of Columbia,2009,369.0,0.42471042471042475,205.0,1.9285714285714284
District of Columbia,2010,349.0,-0.054200542005420016,184.0,-0.10243902439024388
District of Columbia,2011,300.0,-0.1404011461318052,154.0,-0.1630434782608695
District of Columbia,2012,449.0,0.4966666666666666,193.0,0.2532467532467533
District of Columbia,2013,497.0,0.10690423162583529,287.0,0.4870466321243523
District of Columbia,2014,512.0,0.030181086519114775,218.0,-0.24041811846689898
District of Columbia,2015,742.0,0.44921875,335.0,0.536697247706422
District of Columbia,2016,875.0,0.179245283018868,513.0,0.5313432835820895
District of Columbia,2017,1540.0,0.76,545.0,0.06237816764132553
District of Columbia,2018,3244.0,1.1064935064935066,1750.0,2.2110091743119265
District of Columbia,2019,5926.0,0.8267570900123304,2272.0,0.29828571428571427
District of Columbia,2020,11485.0,0.9380695241309485,3896.0,0.7147887323943662
District of Columbia,2021,5825.0,-0.4928167174575533,5825.0,0.4951232032854209
Florida,1999,279700.0,47.01716738197425,122236.0,19.98472103004292
Florida,2000,266035.0,-0.0488559170539864,121027.0,-0.009890703229817777
Florida,2001,303396.0,0.1404364087432104,125689.0,0.03852033017425871
Florida,2002,288848.0,-0.04795053329641785,132363.0,0.05309931656708233
Florida,2003,298181.0,0.03231111172658285,137822.0,0.04124264333688421
Florida,2004,318024.0,0.06654682893946973,143233.0,0.03926078565105717
Florida,2005,370645.0,0.16546235504238682,163155.0,0.13908805931593982
Florida,2006,411728.0,0.11084191072319882,192917.0,0.18241549446845018
Florida,2007,426180.0,0.035100843275172044,205785.0,0.06670226055764905
Florida,2008,503672.0,0.18182927401567417,224358.0,0.0902543917195131
Florida,2009,556540.0,0.10496513604091562,288919.0,0.28775884969557586
Florida,2010,559347.0,0.005043662629820034,271009.0,-0.0619896926128084
Florida,2011,643229.0,0.14996415463030988,310274.0,0.1448844872310513
Florida,2012,834319.0,0.29707926725940537,367722.0,0.18515247813223157
Florida,2013,1073859.0,0.28710840817481076,572998.0,0.5582369289843958
Florida,2014,1034546.0,-0.03660908927522144,531100.0,-0.0731206740686704
Florida,2015,1147082.0,0.10877815002909497,523545.0,-0.014225192995669378
Florida,2016,1435340.0,0.2512967686704177,701565.0,0.3400280778156606
Florida,2017,1276549.0,-0.11062953725249769,645889.0,-0.07935971720368029
Florida,2018,1203145.0,-0.05750190552810741,642699.0,-0.004938929134882364
Florida,2019,1195539.0,-0.0063217650407889625,581105.0,-0.09583646465919504
Florida,2020,1912204.0,0.59944928605424,873391.0,0.5029831097650166
Florida,2021,933434.0,-0.5118543837373,933434.0,0.06874698731724971
Georgia,1999,409810.0,-0.560965210180902,167815.0,-0.820217605101164
Georgia,2000,352357.0,-0.1401942363534321,157149.0,-0.0635580847957572
Georgia,2001,325521.0,-0.07616139313253323,136095.0,-0.13397476280472675
Georgia,2002,285201.0,-0.12386297658215595,125588.0,-0.07720342407876846
Georgia,2003,282218.0,-0.010459290114691044,123834.0,-0.013966302512978923
Georgia,2004,232203.0,-0.17722115527712623,101205.0,-0.18273656669412275
Georgia,2005,257815.0,0.11030003918984677,101665.0,0.00454522997875606
Georgia,2006,311901.0,0.20978608692279344,161476.0,0.588314562533812
Georgia,2007,270468.0,-0.13284022814931662,120866.0,-0.2514924818548887
Georgia,2008,367374.0,0.35829007498114374,157549.0,0.30350139824268196
Georgia,2009,373237.0,0.01595921322684779,204915.0,0.3006429745666428
Georgia,2010,333247.0,-0.10714371833446312,163871.0,-0.20029768440572926
Georgia,2011,367894.0,0.10396792769327257,174916.0,0.06740057728335103
Georgia,2012,465560.0,0.26547320695635146,206875.0,0.1827105582107984
Georgia,2013,527885.0,0.13387103703067282,293323.0,0.4178755287009064
Georgia,2014,484580.0,-0.08203491290716725,233093.0,-0.20533677890925706
Georgia,2015,566946.0,0.16997399810144875,252411.0,0.08287679166684536
Georgia,2016,612985.0,0.08120526469893075,302511.0,0.19848580291667162
Georgia,2017,541655.0,-0.11636500077489664,269635.0,-0.10867703984317922
Georgia,2018,549532.0,0.01454246706852147,290382.0,0.07694475865521899
Georgia,2019,539113.0,-0.018959769403783633,263849.0,-0.09137274348961022
Georgia,2020,904035.0,0.6768933414701557,413906.0,0.568723019605911
Georgia,2021,461957.0,-0.4890054035518536,461957.0,0.11609157634825307
Hawaii,1999,5343.0,-0.988433988444812,2287.0,-0.9950493227724658
Hawaii,2000,6609.0,0.2369455362156092,3021.0,0.32094446873633586
Hawaii,2001,7464.0,0.1293690422151612,3614.0,0.19629261833829847
Hawaii,2002,7807.0,0.04595391211146849,4009.0,0.10929717764250135
Hawaii,2003,7439.0,-0.047137184577942914,3712.0,-0.07408331254676981
Hawaii,2004,7298.0,-0.018954160505444295,3671.0,-0.011045258620689613
Hawaii,2005,7575.0,0.037955604275143884,3489.0,-0.04957777172432576
Hawaii,2006,7588.0,0.0017161716171616437,4342.0,0.24448265978790484
Hawaii,2007,6521.0,-0.14061676331049022,3171.0,-0.2696913864578535
Hawaii,2008,8569.0,0.3140622603895109,3813.0,0.2024597918637654
Hawaii,2009,10511.0,0.2266308787489788,5440.0,0.4266981379491215
Hawaii,2010,10533.0,0.0020930453810295013,5355.0,-0.015625
Hawaii,2011,12635.0,0.19956327731890244,6080.0,0.13538748832866476
Hawaii,2012,17428.0,0.37934309457855164,8150.0,0.3404605263157894
Hawaii,2013,17416.0,-0.0006885471654808351,9848.0,0.20834355828220863
Hawaii,2014,15225.0,-0.12580385852090037,7854.0,-0.20247766043866777
Hawaii,2015,15290.0,0.0042692939244664,7412.0,-0.05627705627705626
Hawaii,2016,16681.0,0.09097449313276651,8799.0,0.18712898003237988
Hawaii,2017,12742.0,-0.23613692224686766,6081.0,-0.3088987384930105
Hawaii,2018,14088.0,0.10563490817768018,7429.0,0.22167406676533474
Hawaii,2019,12666.0,-0.10093696763202731,6403.0,-0.13810741687979544
Hawaii,2020,20102.0,0.5870835307121427,9261.0,0.44635327190379503
Hawaii,2021,8626.0,-0.5708884688090737,8626.0,-0.06856710938343591
Idaho,1999,79914.0,8.26431718061674,34267.0,2.9725249246464176
Idaho,2000,77138.0,-0.03473734264334161,35244.0,0.028511395803542783
Idaho,2001,75400.0,-0.022531048251186236,33337.0,-0.05410850073771423
Idaho,2002,74062.0,-0.017745358090185626,33982.0,0.019347871734109345
Idaho,2003,74669.0,0.008195835921255057,34805.0,0.024218704019775217
Idaho,2004,75553.0,0.011838915748168644,34557.0,-0.007125413015371396
Idaho,2005,80343.0,0.06339920320834391,36122.0,0.04528749602106674
Idaho,2006,91018.0,0.1328678291823806,40767.0,0.12859199379879294
Idaho,2007,93897.0,0.031631105935089776,43969.0,0.07854392032771607
Idaho,2008,100457.0,0.06986378691544992,46731.0,0.06281698469376162
Idaho,2009,99243.0,-0.012084772589267101,53115.0,0.13661167105347638
Idaho,2010,92031.0,-0.07267011275354429,46330.0,-0.12774169255389245
Idaho,2011,106616.0,0.15847920809292515,48992.0,0.05745737103388726
Idaho,2012,136482.0,0.2801268102348615,62361.0,0.27288128674069245
Idaho,2013,147494.0,0.08068463240573842,83534.0,0.3395230993730056
Idaho,2014,131742.0,-0.10679756464669754,64132.0,-0.23226470658653964
Idaho,2015,136946.0,0.03950144980340364,64946.0,0.01269257157113457
Idaho,2016,156343.0,0.14163977042045772,74784.0,0.15147969082006596
Idaho,2017,182099.0,0.164740346545736,91297.0,0.22080926401369272
Idaho,2018,207320.0,0.13850158430304393,110379.0,0.2090101536742719
Idaho,2019,209275.0,0.009429866872467718,100023.0,-0.09382219443915962
Idaho,2020,281284.0,0.3440879225898936,138360.0,0.3832818451756097
Idaho,2021,148011.0,-0.4738022781246001,148011.0,0.06975281873373818
Illinois,1999,484848.0,2.275756531609137,219679.0,0.4842072548661924
Illinois,2000,449771.0,-0.07234638484638489,215969.0,-0.01688827789638514
Illinois,2001,462702.0,0.02875018620586922,196249.0,-0.09130940088623829
Illinois,2002,446138.0,-0.035798418852738934,210450.0,0.07236215216383268
Illinois,2003,515917.0,0.1564067620332723,234507.0,0.11431218816821098
Illinois,2004,590417.0,0.14440307258725715,281222.0,0.1992051409979234
Illinois,2005,527134.0,-0.10718356686884012,255311.0,-0.09213717276742217
Illinois,2006,527698.0,0.0010699366764428397,253437.0,-0.0073400676038243295
Illinois,2007,536975.0,0.01758013105981071,260935.0,0.029585261820491926
Illinois,2008,615941.0,0.1470571255645048,282079.0,0.08103167455496574
Illinois,2009,752071.0,0.22101142804262097,391918.0,0.38939091531095893
Illinois,2010,695300.0,-0.07548622404001748,331273.0,-0.15473900152582942
Illinois,2011,828962.0,0.19223644470012946,386189.0,0.16577264069211806
Illinois,2012,1036061.0,0.2498293046002109,531676.0,0.3767248678755739
Illinois,2013,1280613.0,0.23604015593676442,761640.0,0.43252657633596403
Illinois,2014,1344096.0,0.049572353240206146,693757.0,-0.08912740927472296
Illinois,2015,1247398.0,-0.07194277789681691,555309.0,-0.19956267107935488
Illinois,2016,1924070.0,0.5424667988885665,973450.0,0.7529879760637772
Illinois,2017,1601087.0,-0.16786447478522093,812575.0,-0.1652627253582618
Illinois,2018,2831447.0,0.768452932289126,1324752.0,0.6303135095221979
Illinois,2019,4949570.0,0.7480708627073012,2058630.0,0.5539738758650676
Illinois,2020,7455065.0,0.5062045793877044,3878025.0,0.8837892190437329
Illinois,2021,6050704.0,-0.18837676130255065,6050704.0,0.56025399526821
Indiana,1999,203182.0,-0.9664201058257023,93967.0,-0.9844700715817531
Indiana,2000,182319.0,-0.10268133988246986,82015.0,-0.12719358923877533
Indiana,2001,195780.0,0.07383212939956896,82246.0,0.00281655794671698
Indiana,2002,188235.0,-0.03853815507201963,92029.0,0.11894803394693976
Indiana,2003,183853.0,-0.023279411374080294,85996.0,-0.06555542274717752
Indiana,2004,176520.0,-0.03988512561666113,78930.0,-0.08216661240057677
Indiana,2005,172249.0,-0.024195558576931786,78914.0,-0.00020271126314452825
Indiana,2006,185655.0,0.07782918913897907,84494.0,0.07070988671211698
Indiana,2007,186864.0,0.006512078855942516,85665.0,0.013858972234714884
Indiana,2008,219900.0,0.17679167736963786,96923.0,0.13141889920037353
Indiana,2009,273803.0,0.24512505684401997,123444.0,0.2736295822457002
Indiana,2010,345650.0,0.26240399119074653,165509.0,0.3407618029227828
Indiana,2011,359840.0,0.04105308838420374,178082.0,0.07596565745669426
Indiana,2012,475607.0,0.32171798577145405,219482.0,0.23247717343695595
Indiana,2013,597124.0,0.2554987626338552,308043.0,0.4035000592303697
Indiana,2014,647550.0,0.08444812132823332,252733.0,-0.179552854633931
Indiana,2015,1076917.0,0.6630638560728901,430035.0,0.7015387780780507
Indiana,2016,1436725.0,0.33410931390255705,945071.0,1.1976606555280385
Indiana,2017,830357.0,-0.42204875672101483,463563.0,-0.5094939956892128
Indiana,2018,896148.0,0.07923218567435453,517982.0,0.1173928894238756
Indiana,2019,1450565.0,0.6186667827189258,1002972.0,0.9363066670270395
Indiana,2020,1935587.0,0.3343676429529183,616785.0,-0.38504265323458686
Indiana,2021,1137707.0,-0.41221603575556154,1137707.0,0.8445763110322073
Iowa,1999,92222.0,-0.9189404653394943,37949.0,-0.9666443117604093
Iowa,2000,87796.0,-0.047992886729847584,37957.0,0.00021080924398542145
Iowa,2001,89658.0,0.021208255501389495,37996.0,0.0010274784624706434
Iowa,2002,90358.0,0.007807446072854551,39313.0,0.03466154332034943
Iowa,2003,95127.0,0.05277894597047306,41293.0,0.050365019204843264
Iowa,2004,98517.0,0.035636570058973804,43192.0,0.04598842418811899
Iowa,2005,100344.0,0.01854502268643987,45126.0,0.04477681052046667
Iowa,2006,101430.0,0.010822769672327093,46093.0,0.021428888002481994
Iowa,2007,98888.0,-0.02506161885043867,45441.0,-0.014145314906818807
Iowa,2008,108330.0,0.09548175713939,49494.0,0.08919257938865788
Iowa,2009,120233.0,0.10987722699159974,61492.0,0.2424132218046633
Iowa,2010,124738.0,0.03746891452429857,60115.0,-0.022393156833409256
Iowa,2011,179944.0,0.44257563853837634,110150.0,0.8323213840139732
Iowa,2012,147700.0,-0.17918908104743703,72623.0,-0.3406899682251475
Iowa,2013,160062.0,0.08369668246445494,97420.0,0.3414483015022789
Iowa,2014,127022.0,-0.20642001224525497,66994.0,-0.3123177992198727
Iowa,2015,147309.0,0.1597124907496339,70036.0,0.045407051377735375
Iowa,2016,202277.0,0.3731476013006674,114190.0,0.6304471985835856
Iowa,2017,160981.0,-0.20415568749783708,82359.0,-0.27875470706716876
Iowa,2018,189159.0,0.17503929035103516,100956.0,0.22580410155538555
Iowa,2019,182802.0,-0.03360664837517646,90283.0,-0.10571932326954314
Iowa,2020,270614.0,0.48036673559370247,136058.0,0.5070168248728997
Iowa,2021,154243.0,-0.43002579319621304,154243.0,0.13365623484102374
Kansas,1999,106108.0,-0.31207250896312966,43393.0,-0.7186711876714016
Kansas,2000,96716.0,-0.0885135899272439,41155.0,-0.05157513884727949
Kansas,2001,95408.0,-0.013524132511683717,38559.0,-0.06307860527274933
Kansas,2002,94110.0,-0.013604729163172902,37603.0,-0.024793174096838566
Kansas,2003,97365.0,0.03458718520879822,41473.0,0.10291732042656165
Kansas,2004,99007.0,0.016864376315924634,41861.0,0.009355484290984428
Kansas,2005,98311.0,-0.00702980597331504,40373.0,-0.035546212465062954
Kansas,2006,109143.0,0.11018095635279868,46760.0,0.1581997869863523
Kansas,2007,111502.0,0.021613846055175356,50674.0,0.08370402053036785
Kansas,2008,126084.0,0.13077792326595028,52933.0,0.04457907408138295
Kansas,2009,142984.0,0.13403762570984412,70217.0,0.3265259856800107
Kansas,2010,144156.0,0.008196721311475308,63756.0,-0.0920147542617884
Kansas,2011,164898.0,0.14388579039374005,77777.0,0.21991655687307854
Kansas,2012,210972.0,0.27940908925517594,91386.0,0.17497460688892597
Kansas,2013,228105.0,0.08120982879244631,130179.0,0.4244960934935329
Kansas,2014,172167.0,-0.245229170776616,82565.0,-0.36575791794375434
Kansas,2015,185859.0,0.07952743557127673,86521.0,0.04791376491249322
Kansas,2016,196548.0,0.05751133924103757,92003.0,0.06336034026421333
Kansas,2017,191451.0,-0.02593259661762015,93112.0,0.01205395476234461
Kansas,2018,172047.0,-0.10135230424495045,86317.0,-0.07297663029469881
Kansas,2019,167010.0,-0.029276883642260554,80437.0,-0.06812099586408238
Kansas,2020,249589.0,0.494455421831028,124784.0,0.5513258823675671
Kansas,2021,121781.0,-0.5120738494084274,121781.0,-0.024065585331452755
Kentucky,1999,248212.0,1.0381832962448985,106549.0,-0.12507698245210663
Kentucky,2000,229896.0,-0.07379175865792142,101623.0,-0.046232249950726945
Kentucky,2001,238996.0,0.0395831158436859,100103.0,-0.014957243930999842
Kentucky,2002,229423.0,-0.04005506368307421,102089.0,0.019839565247794733
Kentucky,2003,226869.0,-0.011132275316772966,100170.0,-0.01879732390365274
Kentucky,2004,234974.0,0.03572546271196142,102009.0,0.01835879005690333
Kentucky,2005,232589.0,-0.010150059155481062,103895.0,0.018488564734484125
Kentucky,2006,791599.0,2.4034240656264916,116982.0,0.12596371336445444
Kentucky,2007,1587850.0,1.0058767128306125,760432.0,5.500418867860013
Kentucky,2008,1881101.0,0.18468432156689873,883939.0,0.16241688934710785
Kentucky,2009,2189578.0,0.16398747329356578,1041100.0,0.17779620539426366
Kentucky,2010,2385579.0,0.08951542260654799,1265262.0,0.21531265008164446
Kentucky,2011,2280832.0,-0.0439084180402326,1099271.0,-0.13119101024135715
Kentucky,2012,2589358.0,0.1352690597115438,1245252.0,0.13279800886223692
Kentucky,2013,1578331.0,-0.39045469958190404,822679.0,-0.3393473770770896
Kentucky,2014,2492184.0,0.5789995888061503,1518403.0,0.8456810007305402
Kentucky,2015,3218371.0,0.2913857885292579,1568320.0,0.03287467161221369
Kentucky,2016,3676847.0,0.14245591946981873,1878787.0,0.19796151295653952
Kentucky,2017,4641480.0,0.26235331521817473,2234058.0,0.18909594328681223
Kentucky,2018,4912441.0,0.05837814662564522,2457619.0,0.10006946999585509
Kentucky,2019,4120892.0,-0.16113150264807252,2099522.0,-0.14570891582462542
Kentucky,2020,3330462.0,-0.19181041386185316,1996546.0,-0.049047354588330094
Kentucky,2021,1651442.0,-0.5041402664254989,1651442.0,-0.1728505128356672
Louisiana,1999,196015.0,-0.8813067610003863,73361.0,-0.9555776103550715
Louisiana,2000,174706.0,-0.1087110680305079,66878.0,-0.08837120540886845
Louisiana,2001,177775.0,0.01756665483726949,64954.0,-0.02876880289482342
Louisiana,2002,169580.0,-0.046097595274926184,63991.0,-0.014825876774332558
Louisiana,2003,175693.0,0.036047883005071446,68751.0,0.07438546045537664
Louisiana,2004,172421.0,-0.018623394216047306,67385.0,-0.019868801908335842
Louisiana,2005,207954.0,0.20608278573955618,68279.0,0.013267047562513845
Louisiana,2006,212176.0,0.020302566913836806,87961.0,0.28825846892895335
Louisiana,2007,208201.0,-0.018734446874293043,82016.0,-0.06758677141005676
Louisiana,2008,248355.0,0.192861705755496,91051.0,0.1101614319157238
Louisiana,2009,247084.0,-0.005117674296873376,110236.0,0.21070608779694888
Louisiana,2010,239204.0,-0.031891988149779005,93377.0,-0.1529355201567546
Louisiana,2011,264552.0,0.10596812762328378,106860.0,0.14439315891493631
Louisiana,2012,326290.0,0.23336810910520422,123155.0,0.15248923825566152
Louisiana,2013,353025.0,0.08193631432161563,173733.0,0.4106857212455848
Louisiana,2014,315357.0,-0.10670065859358402,133828.0,-0.2296915381648852
Louisiana,2015,372613.0,0.18155931214464882,148046.0,0.10624084645963472
Louisiana,2016,391869.0,0.05167828282963827,162142.0,0.09521364981154501
Louisiana,2017,329201.0,-0.1599207898557936,151576.0,-0.06516510219437288
Louisiana,2018,307192.0,-0.06685581149510478,143807.0,-0.0512548160658679
Louisiana,2019,282264.0,-0.08114794656110835,128693.0,-0.10509919544945656
Louisiana,2020,430537.0,0.5252990108550861,199424.0,0.5496103129152323
Louisiana,2021,211706.0,-0.5082745501548067,211706.0,0.06158737163029526
Maine,1999,47160.0,-0.777238245491389,15954.0,-0.9246407754149623
Maine,2000,45028.0,-0.045207803223070386,16649.0,0.04356274288579676
Maine,2001,50019.0,0.11084214266678516,16844.0,0.0117124151600696
Maine,2002,49922.0,-0.001939263080029563,19303.0,0.14598670149608162
Maine,2003,50897.0,0.01953046752934573,19452.0,0.007719007408174994
Maine,2004,52665.0,0.034736821423659636,20361.0,0.046730413325107856
Maine,2005,50319.0,-0.04454571347194536,20243.0,-0.00579539315357791
Maine,2006,53106.0,0.055386633279675745,22119.0,0.09267401076915482
Maine,2007,51279.0,-0.03440289232855043,21087.0,-0.046656720466567214
Maine,2008,56561.0,0.10300512880516388,22879.0,0.08498126807985962
Maine,2009,60955.0,0.07768603808277796,27517.0,0.2027186502906595
Maine,2010,65988.0,0.0825691083586253,28406.0,0.03230730094123624
Maine,2011,73127.0,0.10818633690974111,31327.0,0.10283038794620847
Maine,2012,91834.0,0.2558152255664803,39639.0,0.2653302263223418
Maine,2013,96760.0,0.05364026395452659,50837.0,0.2824995585156034
Maine,2014,83085.0,-0.1413290615957007,37712.0,-0.25817809862895136
Maine,2015,94744.0,0.14032617199253772,37646.0,-0.001750106067034407
Maine,2016,111582.0,0.17772101663429885,51138.0,0.3583913297561494
Maine,2017,96590.0,-0.1343585883027728,46017.0,-0.10014079549454413
Maine,2018,93360.0,-0.033440314732373966,46098.0,0.0017602190494816483
Maine,2019,90626.0,-0.029284490145672692,41978.0,-0.08937481018699289
Maine,2020,137149.0,0.5133515768101868,64346.0,0.5328505407594455
Maine,2021,65116.0,-0.5252170996507448,65116.0,0.011966555807664703
Maryland,1999,91381.0,0.403357085816082,39857.0,-0.3879077338902881
Maryland,2000,84309.0,-0.07739026712336261,38118.0,-0.04363098075620342
Maryland,2001,83347.0,-0.011410406955366548,32366.0,-0.15089983734718504
Maryland,2002,78764.0,-0.05498698213492992,32708.0,0.01056664400914542
Maryland,2003,78270.0,-0.006271900868417002,36684.0,0.12156047450165097
Maryland,2004,77481.0,-0.01008049060942895,32220.0,-0.12168792934249262
Maryland,2005,80947.0,0.04473354757940662,34972.0,0.08541278708876465
Maryland,2006,82207.0,0.015565740546283457,36886.0,0.054729497884021594
Maryland,2007,80249.0,-0.023817923047915635,38234.0,0.03654503063492931
Maryland,2008,89583.0,0.11631297586262757,38160.0,-0.0019354501229272847
Maryland,2009,95191.0,0.06260116316711883,48964.0,0.2831236897274634
Maryland,2010,88162.0,-0.07384101438161172,41308.0,-0.1563597745282248
Maryland,2011,103020.0,0.168530659467798,47851.0,0.15839546819018113
Maryland,2012,136604.0,0.32599495243642007,60129.0,0.2565881590771353
Maryland,2013,231182.0,0.6923516148868261,94166.0,0.566066290808096
Maryland,2014,142207.0,-0.3848699293197567,83566.0,-0.1125671686171229
Maryland,2015,125694.0,-0.11611945966091686,56454.0,-0.3244381686331762
Maryland,2016,165367.0,0.31563161328305256,78432.0,0.38930810925709425
Maryland,2017,158659.0,-0.040564320571819024,79776.0,0.017135862913096656
Maryland,2018,151470.0,-0.04531101292709516,80078.0,0.0037855996791014146
Maryland,2019,148813.0,-0.017541427345348914,72529.0,-0.09427058617847595
Maryland,2020,302563.0,1.0331758650117933,123557.0,0.7035530615340071
Maryland,2021,151424.0,-0.4995290237074592,151424.0,0.22553962948274875
Massachusetts,1999,24314.0,-0.839431001690617,8209.0,-0.9457879860524091
Massachusetts,2000,54843.0,1.2556140495187957,20534.0,1.5014009014496286
Massachusetts,2001,66635.0,0.21501376657002713,29938.0,0.45797214376156625
Massachusetts,2002,94824.0,0.4230359420724845,41882.0,0.3989578462155121
Massachusetts,2003,131395.0,0.38567240361090027,68340.0,0.6317272336564634
Massachusetts,2004,112996.0,-0.1400281593667948,53967.0,-0.21031606672519754
Massachusetts,2005,105347.0,-0.06769266168713939,53705.0,-0.004854818685492979
Massachusetts,2006,137148.0,0.30186906129268043,63948.0,0.19072712037985284
Massachusetts,2007,165446.0,0.20633184588911258,86822.0,0.35769687871395517
Massachusetts,2008,119859.0,-0.27554005536549686,66654.0,-0.2322913547257608
Massachusetts,2009,98864.0,-0.17516415121100626,51875.0,-0.22172712815434936
Massachusetts,2010,115904.0,0.17235798672924418,51835.0,-0.0007710843373494036
Massachusetts,2011,153487.0,0.324259732192159,75986.0,0.4659207099450178
Massachusetts,2012,210453.0,0.3711454390274096,94918.0,0.24915115942410448
Massachusetts,2013,251361.0,0.19438069307636385,135819.0,0.4309087844244506
Massachusetts,2014,179344.0,-0.2865082490919435,98404.0,-0.27547692149110214
Massachusetts,2015,167285.0,-0.06723949504862159,77948.0,-0.20787772854762
Massachusetts,2016,226212.0,0.35225513345488246,109190.0,0.40080566531533846
Massachusetts,2017,206492.0,-0.08717486251834561,109543.0,0.0032328967854198254
Massachusetts,2018,211295.0,0.023259981016213738,107396.0,-0.01959960928585125
Massachusetts,2019,212316.0,0.004832106770155553,111087.0,0.03436813289135543
Massachusetts,2020,262583.0,0.23675559072326147,108809.0,-0.020506449899628243
Massachusetts,2021,142631.0,-0.456815559270783,142631.0,0.31083825786469865
Michigan,1999,307769.0,1.157798795493266,120452.0,-0.15549915516262247
Michigan,2000,300661.0,-0.02309524351055503,127688.0,0.060073722312622424
Michigan,2001,363424.0,0.20875005404758173,137511.0,0.07692970365265328
Michigan,2002,353540.0,-0.027196882979660164,163474.0,0.18880671364472668
Michigan,2003,342161.0,-0.03218589127114324,150047.0,-0.08213538544355681
Michigan,2004,342418.0,0.0007511083963396281,154081.0,0.026884909395056278
Michigan,2005,337035.0,-0.015720552073781202,159164.0,0.03298914207462311
Michigan,2006,332428.0,-0.013669203495185966,159285.0,0.0007602221607900805
Michigan,2007,311851.0,-0.06189911800450021,147614.0,-0.07327118058825377
Michigan,2008,357335.0,0.14585170482057142,160757.0,0.08903627027246741
Michigan,2009,362172.0,0.013536317461205982,186358.0,0.15925278525973985
Michigan,2010,348200.0,-0.03857835503572893,172802.0,-0.07274171218836867
Michigan,2011,356635.0,0.02422458357265933,179687.0,0.039843288850823555
Michigan,2012,430405.0,0.20685014090036025,197058.0,0.09667366030931568
Michigan,2013,503979.0,0.17094132270768236,286008.0,0.4513899461072375
Michigan,2014,424091.0,-0.1585145412804898,203583.0,-0.28819123940589075
Michigan,2015,500921.0,0.1811639483035481,215855.0,0.060280082325145035
Michigan,2016,579605.0,0.15707866110624225,303537.0,0.40620787102453026
Michigan,2017,513243.0,-0.11449521656990536,259476.0,-0.14515858033781714
Michigan,2018,489957.0,-0.045370321660500035,253251.0,-0.023990658095546458
Michigan,2019,492171.0,0.004518763891525168,234946.0,-0.07228006997010872
Michigan,2020,1068511.0,1.1710157648459578,445490.0,0.8961378359282559
Michigan,2021,545526.0,-0.4894521441520022,545526.0,0.22455273967990297
Minnesota,1999,177929.0,-0.6738395603509273,61419.0,-0.8874132488643988
Minnesota,2000,185100.0,0.04030259260716362,75980.0,0.23707647470652393
Minnesota,2001,191935.0,0.03692598595353869,75148.0,-0.010950250065806744
Minnesota,2002,192392.0,0.0023810144059186467,81542.0,0.08508543141534042
Minnesota,2003,229728.0,0.19406212316520444,96896.0,0.1882956022663167
Minnesota,2004,227846.0,-0.008192296977294844,101924.0,0.05189068692206078
Minnesota,2005,224165.0,-0.016155648990985094,94913.0,-0.06878654683882113
Minnesota,2006,244712.0,0.09166016104208952,109551.0,0.15422544856868914
Minnesota,2007,248086.0,0.013787636078328891,113231.0,0.03359166050515294
Minnesota,2008,277175.0,0.1172536942834339,126926.0,0.12094744372124233
Minnesota,2009,285130.0,0.028700279606746593,148286.0,0.1682870333895341
Minnesota,2010,297390.0,0.0429979307684214,138582.0,-0.06544110704989003
Minnesota,2011,337534.0,0.1349877265543562,165401.0,0.1935244115397381
Minnesota,2012,440992.0,0.3065113440423779,203578.0,0.23081480764928863
Minnesota,2013,525774.0,0.19225292068790356,298756.0,0.46752596056548357
Minnesota,2014,481122.0,-0.08492622305401176,241542.0,-0.19150745089638366
Minnesota,2015,519244.0,0.07923562007141638,246524.0,0.02062581248809736
Minnesota,2016,651599.0,0.25489943071080257,304448.0,0.23496292450227974
Minnesota,2017,683544.0,0.049025550990716704,396951.0,0.3038384223249948
Minnesota,2018,604078.0,-0.11625586648408881,322529.0,-0.18748409753344875
Minnesota,2019,682356.0,0.1295826035710621,354466.0,0.09902055319056591
Minnesota,2020,958391.0,0.4045322383037593,446570.0,0.25983874334915047
Minnesota,2021,501936.0,-0.47627221040264356,501936.0,0.12398056295765492
Mississippi,1999,182114.0,-0.6371768512320296,72086.0,-0.8563840808389914
Mississippi,2000,163980.0,-0.09957499148884763,66535.0,-0.07700524373664785
Mississippi,2001,159421.0,-0.027802170996462983,62973.0,-0.05353573307281878
Mississippi,2002,149948.0,-0.059421280759749395,60178.0,-0.04438410112270341
Mississippi,2003,150877.0,0.006195481100114808,61194.0,0.016883246369105098
Mississippi,2004,152294.0,0.009391756198757983,61435.0,0.003938294604046044
Mississippi,2005,167713.0,0.10124496040553144,59993.0,-0.023471962236510158
Mississippi,2006,179087.0,0.0678182371074394,71007.0,0.18358808527661563
Mississippi,2007,175298.0,-0.021157314601283228,70600.0,-0.005731829256270471
Mississippi,2008,181068.0,0.03291537838423708,73159.0,0.03624645892351275
Mississippi,2009,167057.0,-0.07737976892659115,74967.0,0.02471329569841041
Mississippi,2010,169873.0,0.01685652202541643,69669.0,-0.07067109528192406
Mississippi,2011,185059.0,0.08939619598170401,74660.0,0.07163874894142297
Mississippi,2012,222297.0,0.20122231288399917,86312.0,0.15606750602732378
Mississippi,2013,231711.0,0.0423487496457442,114622.0,0.32799610714616745
Mississippi,2014,214829.0,-0.07285799983600261,91046.0,-0.20568477255675177
Mississippi,2015,252372.0,0.1747575979034488,100930.0,0.10856050787513993
Mississippi,2016,276161.0,0.09426164550742544,121561.0,0.20440899633409293
Mississippi,2017,251852.0,-0.08802473919199305,115214.0,-0.05221246945977742
Mississippi,2018,247278.0,-0.018161459905023603,118538.0,0.028850660510007398
Mississippi,2019,238388.0,-0.03595143927078026,107080.0,-0.09666098635036868
Mississippi,2020,366829.0,0.5387897041797405,174333.0,0.628063130369817
Mississippi,2021,167522.0,-0.5433240011013306,167522.0,-0.039068908353553256
Missouri,1999,206636.0,0.2334857511252253,86649.0,-0.48276047325127447
Missouri,2000,191578.0,-0.0728721036024701,83390.0,-0.0376115131161352
Missouri,2001,199470.0,0.041194709204605884,80134.0,-0.039045449094615714
Missouri,2002,197990.0,-0.007419662104577118,85543.0,0.06749943844061201
Missouri,2003,202865.0,0.02462245567957977,86242.0,0.008171329039196706
Missouri,2004,209316.0,0.03179947255564053,90030.0,0.043922914589179296
Missouri,2005,214241.0,0.023529018326358342,92439.0,0.026757747417527566
Missouri,2006,230374.0,0.07530304656905074,100010.0,0.08190266013262804
Missouri,2007,274085.0,0.18973929349666196,121965.0,0.21952804719528052
Missouri,2008,321487.0,0.17294634876042103,144028.0,0.18089615873406295
Missouri,2009,355678.0,0.10635266744845051,180000.0,0.24975699169605914
Missouri,2010,349672.0,-0.016886059863134628,166897.0,-0.0727944444444445
Missouri,2011,394923.0,0.1294098469422773,186402.0,0.11686848774992953
Missouri,2012,513303.0,0.29975463571379746,224912.0,0.20659649574575378
Missouri,2013,567009.0,0.10462826050110752,318683.0,0.4169230632425127
Missouri,2014,517063.0,-0.08808678521857682,231681.0,-0.2730048355262126
Missouri,2015,584875.0,0.13114842872145172,272279.0,0.17523232375550868
Missouri,2016,632319.0,0.08111818764693313,328622.0,0.20693112579376294
Missouri,2017,524973.0,-0.16976557718493357,254612.0,-0.2252131628436319
Missouri,2018,496184.0,-0.05483901076817288,245743.0,-0.03483339355568471
Missouri,2019,497858.0,0.0033737484481564106,233259.0,-0.050801040111010276
Missouri,2020,708184.0,0.4224618264645743,351404.0,0.5064970697808016
Missouri,2021,345880.0,-0.511595856444088,345880.0,-0.01571979829484016
Montana,1999,73027.0,-0.7888660807216376,31674.0,-0.908424887244131
Montana,2000,71115.0,-0.026182097032604434,32004.0,0.010418639893919224
Montana,2001,74752.0,0.05114251564367578,31885.0,-0.003718285214348249
Montana,2002,76322.0,0.021002782534246478,33925.0,0.06397992786576756
Montana,2003,80786.0,0.0584890333062551,36014.0,0.06157700810611644
Montana,2004,83545.0,0.034151957022256374,37968.0,0.054256677958571586
Montana,2005,84060.0,0.006164342569872527,37904.0,-0.001685630004214067
Montana,2006,87770.0,0.04413514156554843,40135.0,0.05885922330097082
Montana,2007,90355.0,0.029451976757434162,40620.0,0.012084215771770213
Montana,2008,97599.0,0.08017265231586523,43959.0,0.08220088626292466
Montana,2009,101976.0,0.04484677097101408,50725.0,0.15391614913897045
Montana,2010,101095.0,-0.00863928767553146,47553.0,-0.06253326761951705
Montana,2011,108974.0,0.07793659429249722,50311.0,0.05799844384160835
Montana,2012,134455.0,0.2338264173105511,60709.0,0.20667448470513405
Montana,2013,137830.0,0.02510133501915135,73885.0,0.217035365431814
Montana,2014,121836.0,-0.11604150039904226,57110.0,-0.22704202476822088
Montana,2015,127705.0,0.04817131225581939,57490.0,0.006653825949921144
Montana,2016,136337.0,0.0675932813907052,66222.0,0.1518872847451731
Montana,2017,123938.0,-0.09094376434863605,60388.0,-0.08809761106580893
Montana,2018,117607.0,-0.05108199260920787,58326.0,-0.03414585679274029
Montana,2019,115823.0,-0.015169165100716753,53360.0,-0.08514213215375643
Montana,2020,172695.0,0.49102509864189314,82349.0,0.5432721139430285
Montana,2021,85087.0,-0.5072989953386027,85087.0,0.033248734046557926
Nebraska,1999,47959.0,-0.4363533794821771,17411.0,-0.7953741464618567
Nebraska,2000,44825.0,-0.06534748430951443,17000.0,-0.02360576646947332
Nebraska,2001,44401.0,-0.009459007250418261,16029.0,-0.057117647058823495
Nebraska,2002,43177.0,-0.027566946690389837,16870.0,0.052467402832366394
Nebraska,2003,44758.0,0.036616717233712404,17341.0,0.027919383521043173
Nebraska,2004,48436.0,0.08217525358595101,18150.0,0.04665244218903175
Nebraska,2005,48172.0,-0.005450491370055377,19362.0,0.06677685950413226
Nebraska,2006,51221.0,0.0632940297268123,20947.0,0.08186137795682269
Nebraska,2007,52042.0,0.01602858202690305,21942.0,0.04750083544182937
Nebraska,2008,56589.0,0.0873717382114445,22724.0,0.03563941299790363
Nebraska,2009,59328.0,0.04840163282616761,29354.0,0.291762013729977
Nebraska,2010,58283.0,-0.01761394282632145,25495.0,-0.1314641956803161
Nebraska,2011,65860.0,0.1300036031089684,29738.0,0.166424789174348
Nebraska,2012,85860.0,0.3036744609778317,35718.0,0.20108951509852724
Nebraska,2013,91553.0,0.06630561378989053,54382.0,0.5225376560837673
Nebraska,2014,68568.0,-0.25105676493397266,31800.0,-0.41524769225111247
Nebraska,2015,79340.0,0.15709952164274887,33946.0,0.06748427672955981
Nebraska,2016,88663.0,0.11750693219057218,45020.0,0.326224002828021
Nebraska,2017,74318.0,-0.16179240494907687,35699.0,-0.207041314971124
Nebraska,2018,74477.0,0.002139454775424543,39504.0,0.10658561864478
Nebraska,2019,68236.0,-0.08379768250600861,33445.0,-0.1533768732280275
Nebraska,2020,104511.0,0.5316108798874495,46890.0,0.4020032889819105
Nebraska,2021,49518.0,-0.5261934150472198,49518.0,0.05604606525911704
Nevada,1999,62375.0,0.2596429581162405,28928.0,-0.4158083929076295
Nevada,2000,49807.0,-0.2014909819639279,24467.0,-0.154210453539823
Nevada,2001,50549.0,0.014897504366855996,22330.0,-0.08734213430334736
Nevada,2002,47155.0,-0.06714277235949273,22586.0,0.011464397671294257
Nevada,2003,49432.0,0.04828756229456044,23519.0,0.0413087753475605
Nevada,2004,54754.0,0.10766305227383066,25274.0,0.07462051957991411
Nevada,2005,62727.0,0.1456149322423932,27102.0,0.07232729287014328
Nevada,2006,72963.0,0.16318331818833998,35995.0,0.32813076525717655
Nevada,2007,70276.0,-0.036826884859449294,34935.0,-0.029448534518683123
Nevada,2008,95252.0,0.3553987136433492,38426.0,0.09992843852869604
Nevada,2009,107343.0,0.12693696720278846,58525.0,0.5230573049497735
Nevada,2010,104789.0,-0.02379288821814185,52635.0,-0.1006407518154635
Nevada,2011,118740.0,0.13313420301749224,59581.0,0.13196542224755392
Nevada,2012,146363.0,0.23263432710122967,67870.0,0.1391215320320236
Nevada,2013,146892.0,0.0036143014286398323,86533.0,0.2749815824370119
Nevada,2014,116735.0,-0.2053004928791221,60804.0,-0.29733165381993
Nevada,2015,127480.0,0.09204608729172903,61275.0,0.007746200907835066
Nevada,2016,147992.0,0.1609036711641041,73862.0,0.20541819665442684
Nevada,2017,129622.0,-0.1241283312611493,66929.0,-0.09386423329993776
Nevada,2018,127434.0,-0.01687985064263786,67920.0,0.014806735495823897
Nevada,2019,128312.0,0.006889841015741416,65960.0,-0.028857479387514706
Nevada,2020,219349.0,0.7094971631647857,107133.0,0.6242116434202547
Nevada,2021,104884.0,-0.5218396254370888,104884.0,-0.020992597985681316
New Hampshire,1999,37711.0,-0.6404504023492621,13017.0,-0.8758914610426757
New Hampshire,2000,40120.0,0.06388056535228448,17119.0,0.3151263732042713
New Hampshire,2001,45727.0,0.13975573280159526,16956.0,-0.009521584204684852
New Hampshire,2002,49666.0,0.08614166684890767,22521.0,0.3282024062278839
New Hampshire,2003,54724.0,0.10184029315829735,24593.0,0.09200301940411171
New Hampshire,2004,56791.0,0.03777136174256257,26423.0,0.07441141788313743
New Hampshire,2005,55761.0,-0.01813667658607876,25756.0,-0.025243159368731782
New Hampshire,2006,63159.0,0.1326733738634529,29866.0,0.15957446808510634
New Hampshire,2007,65110.0,0.030890292753210202,31113.0,0.04175316413312791
New Hampshire,2008,67293.0,0.033527875902319204,31766.0,0.020988011442162335
New Hampshire,2009,76102.0,0.13090514615190285,36785.0,0.15799911855442916
New Hampshire,2010,79940.0,0.05043231452524233,38606.0,0.04950387386162847
New Hampshire,2011,90984.0,0.13815361521140845,42872.0,0.11050095840024876
New Hampshire,2012,128178.0,0.4087971511474544,57474.0,0.3405952603097593
New Hampshire,2013,147726.0,0.15250667041145904,86502.0,0.5050631589936319
New Hampshire,2014,124677.0,-0.15602534421835024,62852.0,-0.27340408314258635
New Hampshire,2015,136816.0,0.09736358751012619,61993.0,-0.013667027302233792
New Hampshire,2016,165164.0,0.20719798853935223,82122.0,0.3246979497685223
New Hampshire,2017,129090.0,-0.21841321353321552,66722.0,-0.18752587613550575
New Hampshire,2018,120889.0,-0.0635293206290185,64186.0,-0.03800845298402322
New Hampshire,2019,112173.0,-0.07209919843823676,56653.0,-0.11736204156669683
New Hampshire,2020,174662.0,0.5570770149679514,87994.0,0.5532098917974335
New Hampshire,2021,84286.0,-0.5174336718919972,84286.0,-0.04213923676614317
New Jersey,1999,38601.0,-0.5420235863607241,16885.0,-0.7996701706095911
New Jersey,2000,37106.0,-0.03872956659153903,17325.0,0.026058631921824116
New Jersey,2001,39527.0,0.06524551285506397,17309.0,-0.0009235209235208819
New Jersey,2002,43318.0,0.09590912540794894,21488.0,0.24143509157085918
New Jersey,2003,41733.0,-0.03658987026178495,21003.0,-0.022570737155621745
New Jersey,2004,37376.0,-0.1044017923465842,17628.0,-0.1606913298100271
New Jersey,2005,36582.0,-0.02124357876712324,17255.0,-0.02115951894712953
New Jersey,2006,37318.0,0.02011918429828885,18154.0,0.05210084033613449
New Jersey,2007,36412.0,-0.024277828393804546,17388.0,-0.042194557673240096
New Jersey,2008,40525.0,0.11295726683510932,18080.0,0.039797561536691894
New Jersey,2009,55533.0,0.3703392967304133,28191.0,0.5592367256637167
New Jersey,2010,50522.0,-0.09023463526191633,24557.0,-0.12890638856372605
New Jersey,2011,60256.0,0.192668540437829,28820.0,0.17359612330496388
New Jersey,2012,85851.0,0.42477097716409995,40023.0,0.3887231089521166
New Jersey,2013,120071.0,0.3985975702088502,63662.0,0.5906353846538241
New Jersey,2014,92320.0,-0.23112158639471647,48471.0,-0.23861958468159972
New Jersey,2015,90034.0,-0.024761698440207924,44207.0,-0.08797012646737223
New Jersey,2016,121853.0,0.3534109336472888,60673.0,0.37247494740651943
New Jersey,2017,103739.0,-0.14865452635552678,55471.0,-0.0857383020453909
New Jersey,2018,93124.0,-0.10232410183248342,51072.0,-0.07930269870743267
New Jersey,2019,91257.0,-0.02004853743395907,45406.0,-0.11094141604010022
New Jersey,2020,177901.0,0.9494504531159254,60114.0,0.32392194864114865
New Jersey,2021,135591.0,-0.2378289048403326,135591.0,1.2555644275875837
New Mexico,1999,94406.0,-0.3037443488137118,43061.0,-0.6824199246262658
New Mexico,2000,84034.0,-0.10986589835391813,39749.0,-0.07691414505004524
New Mexico,2001,84874.0,0.00999595401861142,38179.0,-0.03949784900249065
New Mexico,2002,80057.0,-0.05675471875957305,37723.0,-0.011943738704523477
New Mexico,2003,79140.0,-0.01145433878361668,37314.0,-0.010842191766296416
New Mexico,2004,81546.0,0.03040181956027288,38469.0,0.03095352950635144
New Mexico,2005,82051.0,0.006192823682338755,38247.0,-0.005770880449192828
New Mexico,2006,90321.0,0.10079097146896432,42431.0,0.10939420085235452
New Mexico,2007,93304.0,0.033026649394935825,45068.0,0.062147957860997805
New Mexico,2008,106131.0,0.1374753493955243,48496.0,0.07606283837756278
New Mexico,2009,106854.0,0.00681233569833517,55606.0,0.1466100296931705
New Mexico,2010,109069.0,0.020729219308589286,53036.0,-0.04621803402510516
New Mexico,2011,115620.0,0.06006289596493963,56304.0,0.06161852326721462
New Mexico,2012,143419.0,0.2404341809375541,65426.0,0.16201335606706446
New Mexico,2013,156333.0,0.09004385750841948,85685.0,0.3096475407330419
New Mexico,2014,139780.0,-0.10588295497431766,67993.0,-0.20647721304779132
New Mexico,2015,147912.0,0.058177135498640675,70322.0,0.03425352609827481
New Mexico,2016,161216.0,0.08994537292444149,79066.0,0.12434231108330263
New Mexico,2017,159779.0,-0.008913507344184168,76730.0,-0.029544937141122607
New Mexico,2018,156853.0,-0.018312794547468703,81581.0,0.06322168643294668
New Mexico,2019,156829.0,-0.00015300950571550676,78543.0,-0.0372390630171241
New Mexico,2020,206252.0,0.3151394193675914,104250.0,0.3272984225201483
New Mexico,2021,105821.0,-0.48693346003917537,105821.0,0.015069544364508358
New York,1999,186627.0,0.7636102474934088,85036.0,-0.19641659027981218
New York,2000,163974.0,-0.12138115063736754,67228.0,-0.20941718801448794
New York,2001,175967.0,0.0731396440899168,71024.0,0.056464568334622545
New York,2002,160927.0,-0.08547057118664292,73664.0,0.037170533904032466
New York,2003,150831.0,-0.06273652028559529,67084.0,-0.08932450043440487
New York,2004,160222.0,0.06226173664564971,64094.0,-0.04457098562995643
New York,2005,158781.0,-0.008993771142539742,66198.0,0.032826785658564006
New York,2006,199015.0,0.2533930382098615,80858.0,0.22145684159642287
New York,2007,212174.0,0.0661206441725497,96880.0,0.1981498429345272
New York,2008,221920.0,0.045933997568033735,99267.0,0.02463872832369951
New York,2009,241165.0,0.08672043979812538,114422.0,0.15266906424088567
New York,2010,241495.0,0.0013683577633569755,110330.0,-0.03576235339357814
New York,2011,271837.0,0.12564235284374425,124316.0,0.1267651590682497
New York,2012,338619.0,0.24566927975220443,149225.0,0.2003684159721999
New York,2013,353064.0,0.04265856316390981,186183.0,0.24766627575808342
New York,2014,365427.0,0.03501631432261565,179819.0,-0.03418142365307253
New York,2015,346048.0,-0.05303111154895501,153827.0,-0.1445453483780913
New York,2016,404772.0,0.169699001294618,189644.0,0.2328394885163203
New York,2017,382495.0,-0.055035921457017745,191169.0,0.008041382801459607
New York,2018,358614.0,-0.06243480306932114,177126.0,-0.07345856284230179
New York,2019,355374.0,-0.009034783918084655,173956.0,-0.017896864379029598
New York,2020,507940.0,0.4293110919763403,230091.0,0.32269654395364356
New York,2021,245023.0,-0.5176142851517895,245023.0,0.06489606286208494
North Carolina,1999,309707.0,0.2639915436510043,130242.0,-0.4684499006215743
North Carolina,2000,290884.0,-0.060776798716206004,129631.0,-0.0046912670259977585
North Carolina,2001,289571.0,-0.00451382681756296,118615.0,-0.08497967307202747
North Carolina,2002,268916.0,-0.07132965662998025,118172.0,-0.0037347721620368812
North Carolina,2003,264488.0,-0.01646610837584972,115767.0,-0.020351690755847418
North Carolina,2004,276480.0,0.0453404313239163,122870.0,0.06135599955082194
North Carolina,2005,271527.0,-0.017914496527777768,116197.0,-0.054309432733783636
North Carolina,2006,290024.0,0.06812213886648477,131650.0,0.1329896641049253
North Carolina,2007,289215.0,-0.0027894243235042637,131577.0,-0.0005545005696924177
North Carolina,2008,347473.0,0.2014349186591291,151389.0,0.1505734284867417
North Carolina,2009,368460.0,0.06039893747140068,196776.0,0.29980381665774924
North Carolina,2010,331637.0,-0.09993757802746572,155372.0,-0.2104118388421352
North Carolina,2011,375211.0,0.13139064700259628,174963.0,0.1260909301547255
North Carolina,2012,489307.0,0.30408490156205437,219733.0,0.2558826723364369
North Carolina,2013,574622.0,0.17435883811186015,319706.0,0.4549749013575566
North Carolina,2014,1182349.0,1.0576117865309715,935110.0,1.9249060073942936
North Carolina,2015,531876.0,-0.5501531273760962,240634.0,-0.7426677075424282
North Carolina,2016,601445.0,0.13079928404364938,290177.0,0.2058852863685099
North Carolina,2017,537813.0,-0.10579853519440685,272323.0,-0.061527963966820254
North Carolina,2018,529916.0,-0.014683542420878659,286802.0,0.053168480076967395
North Carolina,2019,530365.0,0.0008473041010272908,265336.0,-0.07484606104559943
North Carolina,2020,890284.0,0.6786250978099988,408361.0,0.5390335273012332
North Carolina,2021,440812.0,-0.5048636165538187,440812.0,0.07946645247709738
North Dakota,1999,29864.0,-0.932252298031814,10111.0,-0.9770627841347331
North Dakota,2000,32358.0,0.08351192070720592,13008.0,0.286519632083869
North Dakota,2001,32105.0,-0.007818777427529566,11981.0,-0.07895141451414511
North Dakota,2002,31339.0,-0.0238592119607538,12597.0,0.05141474000500801
North Dakota,2003,33393.0,0.06554133826861097,13018.0,0.033420655711677405
North Dakota,2004,34690.0,0.03884047554876768,13819.0,0.06153018896911977
North Dakota,2005,36000.0,0.03776304410492948,14583.0,0.05528620015920116
North Dakota,2006,39436.0,0.09544444444444444,15783.0,0.08228759514503192
North Dakota,2007,42311.0,0.07290293133177816,17355.0,0.09960083634290062
North Dakota,2008,46832.0,0.10685164614402876,19780.0,0.13972918467300488
North Dakota,2009,47962.0,0.02412880081995228,23132.0,0.16946410515672405
North Dakota,2010,47083.0,-0.018327008882031648,20511.0,-0.11330624243472243
North Dakota,2011,61032.0,0.29626404434721665,25218.0,0.22948661693725314
North Dakota,2012,84867.0,0.39053283523397564,39753.0,0.5763740185581727
North Dakota,2013,85812.0,0.011135070168616812,45169.0,0.1362412899655372
North Dakota,2014,70548.0,-0.1778772199692351,34165.0,-0.24361841085700364
North Dakota,2015,69429.0,-0.015861541078414643,31930.0,-0.0654178252597688
North Dakota,2016,72036.0,0.037549150931167175,35184.0,0.10191042906357661
North Dakota,2017,66977.0,-0.07022877450163811,33684.0,-0.04263301500682126
North Dakota,2018,62334.0,-0.06932230467175304,30763.0,-0.08671772948580925
North Dakota,2019,60389.0,-0.031202874835563277,28230.0,-0.08233917368267074
North Dakota,2020,85465.0,0.41524118630876483,40229.0,0.4250442791356712
North Dakota,2021,42421.0,-0.5036447668636284,42421.0,0.05448805588008643
Ohio,1999,297597.0,6.015322599655831,122313.0,1.8833125103132882
Ohio,2000,274165.0,-0.07873735286310013,121379.0,-0.007636146607474248
Ohio,2001,292159.0,0.06563200992103302,116296.0,-0.0418770957084833
Ohio,2002,297033.0,0.016682696750741854,125916.0,0.08271995597441006
Ohio,2003,298632.0,0.005383240246033205,135732.0,0.0779567330601354
Ohio,2004,327040.0,0.09512711296846965,155622.0,0.14653876757139073
Ohio,2005,313159.0,-0.042444349315068464,146927.0,-0.05587256300523058
Ohio,2006,325132.0,0.038232974303788136,153433.0,0.04428049303395554
Ohio,2007,326114.0,0.003020311750304483,155062.0,0.010617011985687652
Ohio,2008,350014.0,0.07328725537695413,153365.0,-0.010944009492977025
Ohio,2009,395580.0,0.13018336409400777,201664.0,0.31492843869200926
Ohio,2010,393250.0,-0.005890085444157922,184113.0,-0.0870309028879721
Ohio,2011,468974.0,0.19255944055944063,218647.0,0.18756959041458243
Ohio,2012,629215.0,0.3416841871830847,276156.0,0.26302213156366205
Ohio,2013,680930.0,0.08218971257837149,379329.0,0.37360404988484763
Ohio,2014,596389.0,-0.12415519950655718,284255.0,-0.2506373095650477
Ohio,2015,748502.0,0.25505668280266747,328654.0,0.15619426219415655
Ohio,2016,875724.0,0.16996881771858985,442360.0,0.3459747941604241
Ohio,2017,753072.0,-0.14005782643846687,390177.0,-0.11796500587756575
Ohio,2018,717475.0,-0.04726905262710601,381512.0,-0.022207869761672216
Ohio,2019,638495.0,-0.11008049060942893,317991.0,-0.1664980393801505
Ohio,2020,976751.0,0.529770789121293,469145.0,0.4753404970580928
Ohio,2021,472354.0,-0.5164028498563094,472354.0,0.0068401027400910586
Oklahoma,1999,169436.0,-0.6412944528891467,73614.0,-0.8441550193287238
Oklahoma,2000,156988.0,-0.07346726787695645,70841.0,-0.03766946504740942
Oklahoma,2001,164126.0,0.0454684434479069,69566.0,-0.017998051975550933
Oklahoma,2002,159489.0,-0.028252683913578602,70951.0,0.01990915102205104
Oklahoma,2003,167551.0,0.050548940679294496,74029.0,0.04338205240236226
Oklahoma,2004,173188.0,0.03364348765450509,78299.0,0.05768009833983978
Oklahoma,2005,182031.0,0.051060119638774104,79034.0,0.009387093066322683
Oklahoma,2006,190741.0,0.047848992753981356,86856.0,0.09897006351696747
Oklahoma,2007,189081.0,-0.008702900792173729,88459.0,0.018455834945196647
Oklahoma,2008,221612.0,0.17204795828242925,95129.0,0.075402163714263
Oklahoma,2009,234562.0,0.05843546378354958,119709.0,0.25838598114139755
Oklahoma,2010,233909.0,-0.0027839121426318503,108745.0,-0.09158876943254057
Oklahoma,2011,271816.0,0.16205874934269304,123292.0,0.13377166766288107
Oklahoma,2012,367976.0,0.3537687259028166,157836.0,0.2801803847776012
Oklahoma,2013,380634.0,0.03439898254233964,205914.0,0.30460731392077856
Oklahoma,2014,348495.0,-0.08443544192058516,160954.0,-0.21834358032965218
Oklahoma,2015,359276.0,0.030935881433019174,163994.0,0.018887383973060556
Oklahoma,2016,364590.0,0.014790857168305083,175625.0,0.07092332646316324
Oklahoma,2017,334351.0,-0.08293974053045883,160708.0,-0.08493665480427048
Oklahoma,2018,332291.0,-0.006161189887274099,160053.0,-0.004075714961296217
Oklahoma,2019,360043.0,0.0835171581535461,171519.0,0.0716387696575509
Oklahoma,2020,470286.0,0.3061939823854374,238873.0,0.3926911887312776
Oklahoma,2021,221221.0,-0.5296032626954661,221221.0,-0.07389700803355759
Oregon,1999,160358.0,-0.2751230669782706,68863.0,-0.6887140009311955
Oregon,2000,135336.0,-0.15603836416019157,63288.0,-0.08095784383486049
Oregon,2001,141295.0,0.04403115209552522,62868.0,-0.006636329161926469
Oregon,2002,137513.0,-0.02676669379666652,63708.0,0.013361328497804914
Oregon,2003,142960.0,0.03961080043341347,66641.0,0.04603817416964895
Oregon,2004,149688.0,0.04706211527700055,69231.0,0.038864963010759146
Oregon,2005,158045.0,0.055829458607236315,74920.0,0.08217417053054277
Oregon,2006,163705.0,0.03581258502325291,78300.0,0.04511478910838229
Oregon,2007,162629.0,-0.006572798631685028,78336.0,0.00045977011494247044
Oregon,2008,179887.0,0.10611883489414553,83826.0,0.07008272058823528
Oregon,2009,185043.0,0.02866243808613178,98961.0,0.18055257318731655
Oregon,2010,184835.0,-0.0011240630556140774,91829.0,-0.07206879477774075
Oregon,2011,209781.0,0.13496361619823083,106334.0,0.15795663679229865
Oregon,2012,267041.0,0.2729513158961012,120796.0,0.13600541689393797
Oregon,2013,274302.0,0.02719058122161022,151254.0,0.2521441107321434
Oregon,2014,243044.0,-0.11395469227347954,120858.0,-0.2009599746122417
Oregon,2015,276126.0,0.1361152713088989,125157.0,0.03557066971156231
Oregon,2016,324708.0,0.17594141804828234,152240.0,0.21639221138250364
Oregon,2017,341167.0,0.050688618697414256,165321.0,0.08592354177614303
Oregon,2018,359682.0,0.05426960989779195,188534.0,0.14041168393610004
Oregon,2019,357700.0,-0.005510423095956951,175797.0,-0.067558106230176
Oregon,2020,516096.0,0.44281800391389425,258255.0,0.46905237290738744
Oregon,2021,244214.0,-0.5268050905257937,244214.0,-0.05436874407078274
Pennsylvania,1999,541555.0,1.217542810813467,237766.0,-0.026403072714913933
Pennsylvania,2000,481294.0,-0.11127401648955326,225078.0,-0.05336339089693232
Pennsylvania,2001,509881.0,0.05939612793843274,211719.0,-0.05935275771066029
Pennsylvania,2002,567702.0,0.11340097003026206,265025.0,0.25177711967277383
Pennsylvania,2003,515896.0,-0.09125562354897465,245637.0,-0.07315536270163192
Pennsylvania,2004,504813.0,-0.021483012079954067,235723.0,-0.0403603691626262
Pennsylvania,2005,482977.0,-0.04325562138851413,226867.0,-0.03756952015713355
Pennsylvania,2006,520454.0,0.07759582754458294,238368.0,0.05069490053643766
Pennsylvania,2007,562603.0,0.08098506304111419,268721.0,0.12733672305007393
Pennsylvania,2008,598544.0,0.06388341334831127,270205.0,0.005522456376688023
Pennsylvania,2009,641696.0,0.07209495041300218,330952.0,0.224818193593753
Pennsylvania,2010,626677.0,-0.023405163815887864,295860.0,-0.1060335033479175
Pennsylvania,2011,718934.0,0.14721618952027926,338349.0,0.14361184343946465
Pennsylvania,2012,968534.0,0.34718068696152926,443677.0,0.31129987084341915
Pennsylvania,2013,1044731.0,0.07867250917365842,587522.0,0.32421108148495414
Pennsylvania,2014,899241.0,-0.13926072835974046,434391.0,-0.2606387505489156
Pennsylvania,2015,993429.0,0.10474166547121411,448647.0,0.03281835949639844
Pennsylvania,2016,1143220.0,0.15078178712318646,550621.0,0.22729228101380383
Pennsylvania,2017,1062651.0,-0.07047549902905825,533701.0,-0.030728940596163268
Pennsylvania,2018,1021943.0,-0.038307967526497455,537337.0,0.006812803423639879
Pennsylvania,2019,987886.0,-0.03332573343131662,486399.0,-0.09479711987077011
Pennsylvania,2020,1452921.0,0.47073751424759536,622101.0,0.27899317227214704
Pennsylvania,2021,764206.0,-0.47402095502783703,764206.0,0.22842753829362117
Rhode Island,1999,10677.0,-0.9860286362577629,4832.0,-0.9936770975365281
Rhode Island,2000,9414.0,-0.1182916549592582,4701.0,-0.027110927152317887
Rhode Island,2001,10233.0,0.08699808795411079,4220.0,-0.10231865560519038
Rhode Island,2002,9521.0,-0.06957881364213814,4616.0,0.09383886255924168
Rhode Island,2003,9660.0,0.014599306795504585,4661.0,0.00974870017331031
Rhode Island,2004,10054.0,0.040786749482401685,4894.0,0.04998927268826425
Rhode Island,2005,9649.0,-0.04028247463696044,4714.0,-0.036779730281977896
Rhode Island,2006,9936.0,0.02974401492382639,4918.0,0.0432753500212133
Rhode Island,2007,10222.0,0.028784219001610323,5218.0,0.06100040666937789
Rhode Island,2008,12405.0,0.213558990412835,5636.0,0.08010732081257177
Rhode Island,2009,14799.0,0.19298669891172904,7898.0,0.401348474095103
Rhode Island,2010,14835.0,0.002432596797080855,7423.0,-0.06014180805267155
Rhode Island,2011,17271.0,0.16420626895854395,8490.0,0.14374242220126643
Rhode Island,2012,24050.0,0.3925076718198135,10890.0,0.2826855123674912
Rhode Island,2013,26666.0,0.10877338877338882,16085.0,0.47704315886134063
Rhode Island,2014,20400.0,-0.234980874521863,10140.0,-0.36959900528442646
Rhode Island,2015,22129.0,0.08475490196078428,10217.0,0.007593688362919071
Rhode Island,2016,27758.0,0.25437209092141533,13600.0,0.3311148086522462
Rhode Island,2017,24677.0,-0.11099502846026366,12969.0,-0.0463970588235294
Rhode Island,2018,25030.0,0.014304818251813511,13960.0,0.0764129848099313
Rhode Island,2019,24338.0,-0.027646823811426247,12435.0,-0.10924068767908313
Rhode Island,2020,51369.0,1.1106500123264031,24019.0,0.9315641334941698
Rhode Island,2021,22853.0,-0.555120792695984,22853.0,-0.048544901952620845
South Carolina,1999,145493.0,5.366472673172012,61226.0,1.6791230910602546
South Carolina,2000,128618.0,-0.11598496147580983,54387.0,-0.11170091137751936
South Carolina,2001,132781.0,0.03236716478253432,55583.0,0.021990549212127952
South Carolina,2002,121976.0,-0.08137459425670845,53748.0,-0.0330136912365292
South Carolina,2003,121352.0,-0.005115760477470976,54360.0,0.011386470194239884
South Carolina,2004,124153.0,0.02308161381765439,53040.0,-0.02428256070640178
South Carolina,2005,141811.0,0.14222773513326303,61891.0,0.16687405731523386
South Carolina,2006,148604.0,0.047901784769869726,66992.0,0.08241909162883143
South Carolina,2007,150133.0,0.010289090468628137,68071.0,0.01610640076427039
South Carolina,2008,184941.0,0.23184776165133592,80293.0,0.17954782506500555
South Carolina,2009,214584.0,0.1602835498888835,106604.0,0.32768734509857644
South Carolina,2010,201628.0,-0.060377288148230956,97904.0,-0.08161044613710555
South Carolina,2011,229419.0,0.13783303906203503,106309.0,0.08584940349730341
South Carolina,2012,308408.0,0.3443001669434529,145496.0,0.3686141342689706
South Carolina,2013,335695.0,0.08847695260823318,186978.0,0.2851074943641063
South Carolina,2014,289764.0,-0.13682360476027344,141965.0,-0.24073955224678845
South Carolina,2015,326997.0,0.12849422288483048,145830.0,0.027225020251470333
South Carolina,2016,402978.0,0.23235992990761378,195336.0,0.33947747377082904
South Carolina,2017,396920.0,-0.015033078728863614,211372.0,0.08209444239669073
South Carolina,2018,280749.0,-0.2926811448150761,135692.0,-0.35804174630509245
South Carolina,2019,328221.0,0.169090539948495,159439.0,0.17500663266810124
South Carolina,2020,530930.0,0.617599117667669,254503.0,0.5962405684932797
South Carolina,2021,265374.0,-0.5001713973593506,265374.0,0.042714624189105876
South Dakota,1999,31327.0,-0.8819515099444557,9664.0,-0.9635834708750669
South Dakota,2000,36723.0,0.17224758195805534,12891.0,0.333919701986755
South Dakota,2001,40861.0,0.11268142580943818,14227.0,0.1036381971918392
South Dakota,2002,44282.0,0.08372286532390305,17217.0,0.2101637731074717
South Dakota,2003,47683.0,0.0768032157535794,18448.0,0.07149909972701396
South Dakota,2004,50323.0,0.05536564394018839,19550.0,0.05973547267996526
South Dakota,2005,50768.0,0.008842875027323505,20332.0,0.040000000000000036
South Dakota,2006,52675.0,0.03756303183107468,21232.0,0.044265197717883176
South Dakota,2007,54013.0,0.025401044138585682,21020.0,-0.009984928409947247
South Dakota,2008,62489.0,0.15692518467776284,24238.0,0.153092293054234
South Dakota,2009,63748.0,0.02014754596809043,29925.0,0.23463157026157266
South Dakota,2010,63151.0,-0.009364999686264697,26553.0,-0.1126817042606516
South Dakota,2011,69654.0,0.10297540814872286,30343.0,0.14273340112228383
South Dakota,2012,88447.0,0.2698050363223936,35355.0,0.16517813004646875
South Dakota,2013,92055.0,0.04079279116306944,48458.0,0.3706123603450715
South Dakota,2014,83659.0,-0.09120634403345829,37538.0,-0.2253497874447976
South Dakota,2015,100268.0,0.19853213641090628,43729.0,0.16492620810911607
South Dakota,2016,111921.0,0.11621853432800089,52327.0,0.19662009192984065
South Dakota,2017,98573.0,-0.11926269422181712,48703.0,-0.0692567890381639
South Dakota,2018,90693.0,-0.0799407545676808,43316.0,-0.11060920271851837
South Dakota,2019,85426.0,-0.05807504438049238,39908.0,-0.0786776248961123
South Dakota,2020,115448.0,0.35143867206705215,52006.0,0.3031472386488925
South Dakota,2021,56973.0,-0.5065050932021342,56973.0,0.09550821059108561
Tennessee,1999,264214.0,3.6375300580976955,113524.0,0.9925929826409001
Tennessee,2000,234673.0,-0.11180709576328285,99954.0,-0.11953419541242383
Tennessee,2001,230779.0,-0.01659330216940169,95619.0,-0.04336995017708145
Tennessee,2002,223048.0,-0.033499581851034965,96816.0,0.012518432529099899
Tennessee,2003,219783.0,-0.014638104802553675,98690.0,0.019356304743017638
Tennessee,2004,229401.0,0.043761346418967895,96806.0,-0.019090080048637104
Tennessee,2005,253450.0,0.10483389348782257,111901.0,0.15593041753610315
Tennessee,2006,258500.0,0.019925034523574636,122328.0,0.09318057926202616
Tennessee,2007,241741.0,-0.06483172147001937,108260.0,-0.1150022889281277
Tennessee,2008,282819.0,0.1699256642439635,120554.0,0.11355994827267679
Tennessee,2009,408991.0,0.44612278524427285,175149.0,0.45286759460490744
Tennessee,2010,411024.0,0.004970769527935737,197414.0,0.12712033754117913
Tennessee,2011,451107.0,0.09751985285530762,222496.0,0.12705279260842706
Tennessee,2012,524122.0,0.16185738638504832,222987.0,0.0022067812455055513
Tennessee,2013,600869.0,0.14642964805903969,326414.0,0.4638252454178944
Tennessee,2014,533394.0,-0.11229569173979681,247718.0,-0.24109260019484458
Tennessee,2015,654192.0,0.22647048898187827,279488.0,0.12825067213525054
Tennessee,2016,714774.0,0.09260584048719633,341346.0,0.2213261392260133
Tennessee,2017,767953.0,0.07439974033750518,396106.0,0.16042373427548595
Tennessee,2018,694101.0,-0.09616734357441148,345093.0,-0.12878623398787192
Tennessee,2019,635313.0,-0.08469660755423203,325724.0,-0.05612689912574287
Tennessee,2020,984760.0,0.5500391145781685,476657.0,0.4633769694588057
Tennessee,2021,501372.0,-0.4908688411389577,501372.0,0.05185070186738061
Texas,1999,710025.0,0.41616404585816524,296315.0,-0.40899172670192996
Texas,2000,662970.0,-0.06627231435512837,279347.0,-0.05726338524880614
Texas,2001,672746.0,0.014745765268413313,274245.0,-0.018264022881935404
Texas,2002,664745.0,-0.01189304730165619,276365.0,0.007730314135171001
Texas,2003,688275.0,0.035397031944580215,300719.0,0.08812259150037094
Texas,2004,672995.0,-0.022200428607751288,292087.0,-0.028704538123630385
Texas,2005,738793.0,0.09776892844671958,307848.0,0.05395995028878375
Texas,2006,770236.0,0.04255995928494172,335971.0,0.09135352511629113
Texas,2007,783596.0,0.017345333118680584,349942.0,0.04158394623345463
Texas,2008,944568.0,0.20542728650988518,382270.0,0.09238102314097763
Texas,2009,1014015.0,0.0735224991742256,503555.0,0.31727574750830567
Texas,2010,968071.0,-0.045308994442882944,426569.0,-0.15288498773718862
Texas,2011,1155387.0,0.1934940722323053,530099.0,0.24270399396111775
Texas,2012,1436132.0,0.2429878473619662,615211.0,0.16055868809411078
Texas,2013,1633278.0,0.1372756821796326,881193.0,0.4323427246912035
Texas,2014,1465992.0,-0.10242346985632578,698677.0,-0.20712375155045493
Texas,2015,1574266.0,0.07385715610999233,708417.0,0.01394063351162278
Texas,2016,1721726.0,0.09366904957611988,859659.0,0.2134929003680035
Texas,2017,1549434.0,-0.10006934901372233,737427.0,-0.14218661120281417
Texas,2018,1571632.0,0.01432652181377203,774055.0,0.049670001234020544
Texas,2019,1487212.0,-0.053714864548443875,712526.0,-0.07948918358514578
Texas,2020,2325281.0,0.5635168355284923,1150082.0,0.6140912752657446
Texas,2021,1062416.0,-0.5431021024985798,1062416.0,-0.07622586911194162
Utah,1999,77718.0,-0.9268478637369919,32722.0,-0.9692003885483652
Utah,2000,67420.0,-0.13250469646671303,28340.0,-0.13391601980319057
Utah,2001,67518.0,0.00145357460694151,27986.0,-0.01249117854622439
Utah,2002,61710.0,-0.08602150537634412,26262.0,-0.061602229686271714
Utah,2003,70507.0,0.14255388105655475,30492.0,0.1610692254969157
Utah,2004,79967.0,0.13417107521239036,33626.0,0.10278105732651177
Utah,2005,88981.0,0.11272149761776729,37494.0,0.11503003628144892
Utah,2006,106653.0,0.19860419640147886,45192.0,0.20531285005600886
Utah,2007,127051.0,0.1912557546435638,54136.0,0.1979111347141087
Utah,2008,181592.0,0.4292843031538516,64337.0,0.18843283582089554
Utah,2009,256136.0,0.4105026653156527,126611.0,0.9679344700561108
Utah,2010,553134.0,1.1595324358934316,227131.0,0.7939278577690723
Utah,2011,1020789.0,0.8454642093959148,703908.0,2.0991278161061238
Utah,2012,230999.0,-0.7737054376565579,101310.0,-0.856074941611688
Utah,2013,324604.0,0.4052182044078112,181319.0,0.7897443490277367
Utah,2014,263812.0,-0.18728050178063116,145763.0,-0.19609638261847906
Utah,2015,254814.0,-0.034107622094521894,123032.0,-0.15594492429491713
Utah,2016,294907.0,0.15734221824546535,156455.0,0.27166103127641583
Utah,2017,270477.0,-0.08283967488055555,139303.0,-0.10962896679556422
Utah,2018,295858.0,0.09383792337241248,167495.0,0.20237898681291866
Utah,2019,823270.0,1.7826524886939006,358887.0,1.1426729156094213
Utah,2020,1216773.0,0.47797563375320373,547268.0,0.5249033818444246
Utah,2021,632562.0,-0.48013146248314187,632562.0,0.1558541701689118
Vermont,1999,22218.0,-0.9648761702410199,8549.0,-0.9864851192452281
Vermont,2000,20300.0,-0.08632640201638309,8734.0,0.021639957889811656
Vermont,2001,20657.0,0.01758620689655177,7945.0,-0.0903366155255324
Vermont,2002,20483.0,-0.008423294766907063,9280.0,0.16803020767778487
Vermont,2003,19971.0,-0.02499633842698823,8438.0,-0.09073275862068964
Vermont,2004,19490.0,-0.02408492313855093,8452.0,0.0016591609386109596
Vermont,2005,18607.0,-0.045305284761416154,8368.0,-0.009938476100331273
Vermont,2006,20713.0,0.1131832106196593,9449.0,0.12918260038240925
Vermont,2007,19951.0,-0.036788490320088796,9215.0,-0.024764525346597566
Vermont,2008,21991.0,0.10225051375870886,10030.0,0.08844275637547483
Vermont,2009,23085.0,0.04974762402801147,11431.0,0.13968095712861417
Vermont,2010,24276.0,0.05159194282001289,11483.0,0.004549033330417229
Vermont,2011,27292.0,0.12423793046630416,12984.0,0.1307149699555865
Vermont,2012,34507.0,0.2643631833504323,15872.0,0.2224276032039434
Vermont,2013,36135.0,0.04717883328020411,20341.0,0.28156502016129026
Vermont,2014,31502.0,-0.12821364328213647,15525.0,-0.23676318765055804
Vermont,2015,34588.0,0.09796203415656146,16096.0,0.03677938808373593
Vermont,2016,39417.0,0.13961489533942406,19640.0,0.22017892644135184
Vermont,2017,37610.0,-0.0458431641170054,19113.0,-0.026832993890020362
Vermont,2018,41550.0,0.10475937250731193,22939.0,0.20017788939465286
Vermont,2019,35843.0,-0.137352587244284,17807.0,-0.22372378917999913
Vermont,2020,57965.0,0.6171916413246659,29228.0,0.6413769865783119
Vermont,2021,27678.0,-0.5225049598895886,27678.0,-0.053031339811140055
Virginia,1999,208554.0,6.535009755040104,88087.0,2.182563769058458
Virginia,2000,188508.0,-0.09611899076498176,83180.0,-0.055706290372018574
Virginia,2001,196181.0,0.040703842807732205,79091.0,-0.04915845155085352
Virginia,2002,191789.0,-0.022387489104449432,80563.0,0.01861147286037612
Virginia,2003,200270.0,0.04422047145561003,86607.0,0.07502203244665662
Virginia,2004,213062.0,0.06387377040994657,88687.0,0.024016534460262973
Virginia,2005,221725.0,0.04065952633505732,97238.0,0.0964177387892251
Virginia,2006,238862.0,0.0772894351110609,111776.0,0.14950945103766022
Virginia,2007,241538.0,0.011203121467625587,105407.0,-0.056980031491554506
Virginia,2008,278974.0,0.1549901050766338,119483.0,0.13353951824831367
Virginia,2009,296463.0,0.0626904299325386,148839.0,0.24569185574516883
Virginia,2010,320783.0,0.0820338457075589,166493.0,0.11861138545676875
Virginia,2011,331468.0,0.0333091217427357,152850.0,-0.08194338500717746
Virginia,2012,448754.0,0.3538380778838379,187657.0,0.2277199869152764
Virginia,2013,498426.0,0.11068870695303001,270000.0,0.4387952487783562
Virginia,2014,419764.0,-0.1578208199411748,199193.0,-0.2622481481481481
Virginia,2015,462997.0,0.10299358687262372,204906.0,0.02868072673236499
Virginia,2016,528369.0,0.14119313948038537,239476.0,0.16871150673967583
Virginia,2017,520827.0,-0.014274115249002128,255251.0,0.06587298936010288
Virginia,2018,476760.0,-0.08460966885357324,240707.0,-0.056979208700455586
Virginia,2019,512766.0,0.07552227535867106,227026.0,-0.05683673511779885
Virginia,2020,823513.0,0.6060210700397453,427209.0,0.8817624413062821
Virginia,2021,351987.0,-0.5725786963897352,351987.0,-0.17607775117097257
Washington,1999,133674.0,-0.6202302925960334,56512.0,-0.8394486160000227
Washington,2000,134255.0,0.004346394960874855,58969.0,0.043477491506228816
Washington,2001,161380.0,0.2020408923317567,69387.0,0.17666909732232194
Washington,2002,193439.0,0.19865534762671944,89206.0,0.2856298730309712
Washington,2003,213916.0,0.10585766055449009,108572.0,0.2170930206488353
Washington,2004,203432.0,-0.04900989173320369,98223.0,-0.0953192351619202
Washington,2005,219559.0,0.07927464705651022,97400.0,-0.008378892927318415
Washington,2006,255387.0,0.16318165049030098,123814.0,0.2711909650924025
Washington,2007,276156.0,0.08132363824313682,134632.0,0.08737299497633555
Washington,2008,316589.0,0.14641362128651925,148561.0,0.10345980153306789
Washington,2009,336732.0,0.06362507857190236,183448.0,0.23483282961207852
Washington,2010,335342.0,-0.004127911811173224,166952.0,-0.08992193973224016
Washington,2011,394410.0,0.17614256490388924,194927.0,0.16756313191815608
Washington,2012,519209.0,0.3164194619811871,240822.0,0.23544711609987323
Washington,2013,561122.0,0.08072471779187196,325313.0,0.35084419197581607
Washington,2014,482115.0,-0.140801822063651,247231.0,-0.24002114886278758
Washington,2015,502280.0,0.041826120323989135,229423.0,-0.07202980208792586
Washington,2016,713996.0,0.42150991478856414,397427.0,0.7322892648078005
Washington,2017,579678.0,-0.18812150208124412,295984.0,-0.25524939171218863
Washington,2018,627301.0,0.08215423045207859,313725.0,0.05993905075950057
Washington,2019,607170.0,-0.032091452109912155,355475.0,0.13307833293489524
Washington,2020,781471.0,0.28707116623021567,358302.0,0.007952739292495847
Washington,2021,387456.0,-0.5041965728734655,387456.0,0.08136711489190684
West Virginia,1999,134471.0,-0.6529386562603238,55083.0,-0.8578341798810704
West Virginia,2000,128258.0,-0.046203270593659584,54785.0,-0.005410017609788875
West Virginia,2001,138421.0,0.07923872195106729,54774.0,-0.00020078488637398362
West Virginia,2002,134846.0,-0.025827006017873022,57056.0,0.04166210245737023
West Virginia,2003,131777.0,-0.022759295789270717,56792.0,-0.004627033090297217
West Virginia,2004,132846.0,0.008112189532315961,56180.0,-0.010776165657134795
West Virginia,2005,133667.0,0.006180088222452973,57547.0,0.02433250266998943
West Virginia,2006,137925.0,0.03185528215640354,59709.0,0.037569291188072285
West Virginia,2007,132396.0,-0.0400870038064165,57997.0,-0.028672394446398353
West Virginia,2008,147689.0,0.11550953201003056,62920.0,0.0848837008810801
West Virginia,2009,156831.0,0.06190034464313521,73300.0,0.1649713922441196
West Virginia,2010,159550.0,0.017337133602412846,70528.0,-0.037817189631650705
West Virginia,2011,185491.0,0.1625885302413037,80974.0,0.1481113883847549
West Virginia,2012,225580.0,0.2161236933328301,97576.0,0.20502877466841207
West Virginia,2013,248952.0,0.10360847592871703,130520.0,0.33762400590309083
West Virginia,2014,221847.0,-0.1088764099103442,103891.0,-0.20402237205026053
West Virginia,2015,249014.0,0.1224582707902293,116398.0,0.12038578895188223
West Virginia,2016,242350.0,-0.026761547543511566,117510.0,0.009553428753071413
West Virginia,2017,222768.0,-0.08080049515164023,107321.0,-0.08670751425410606
West Virginia,2018,241678.0,0.08488651871004804,132761.0,0.23704587173060254
West Virginia,2019,206196.0,-0.14681518383965442,97586.0,-0.2649497970036381
West Virginia,2020,265705.0,0.2886040466352402,133629.0,0.36934601274773016
West Virginia,2021,119606.0,-0.5498541615701624,119606.0,-0.1049397960023648
Wisconsin,1999,179340.0,0.4994231058642542,68012.0,-0.4313663194154139
Wisconsin,2000,180492.0,0.006423553027768536,73525.0,0.08105922484267492
Wisconsin,2001,181798.0,0.007235777763003437,72875.0,-0.008840530431825866
Wisconsin,2002,173779.0,-0.044109396142971824,75917.0,0.04174271012006869
Wisconsin,2003,188594.0,0.08525195794658735,77982.0,0.02720075872334249
Wisconsin,2004,187097.0,-0.007937686246646258,82600.0,0.0592187940806852
Wisconsin,2005,183013.0,-0.02182824951762985,81544.0,-0.012784503631961264
Wisconsin,2006,189228.0,0.03395933622201697,83260.0,0.0210438536250368
Wisconsin,2007,180607.0,-0.0455587967954002,82244.0,-0.012202738409800573
Wisconsin,2008,186819.0,0.03439512311261472,83790.0,0.018797723846116332
Wisconsin,2009,196951.0,0.054234312355809555,96917.0,0.15666547320682667
Wisconsin,2010,194797.0,-0.010936730455798682,89780.0,-0.07364033141760473
Wisconsin,2011,322761.0,0.656909500659661,101564.0,0.13125417687681007
Wisconsin,2012,469375.0,0.45424942914416544,233323.0,1.2973002244889922
Wisconsin,2013,434688.0,-0.07390039946737681,249752.0,0.07041311829523877
Wisconsin,2014,334308.0,-0.2309242491166078,166635.0,-0.33279813575066464
Wisconsin,2015,383280.0,0.14648767005276575,172802.0,0.0370090317160261
Wisconsin,2016,561819.0,0.4658187226048842,223922.0,0.2958299093760488
Wisconsin,2017,526523.0,-0.06282450397725958,276261.0,0.23373764078563064
Wisconsin,2018,452520.0,-0.14055036532117304,233836.0,-0.15356854568686862
Wisconsin,2019,435685.0,-0.037202775567930724,214203.0,-0.08396055355035148
Wisconsin,2020,731618.0,0.6792361453802633,331607.0,0.5480968987362456
Wisconsin,2021,395468.0,-0.4594610848830948,395468.0,0.1925803737556806
Wyoming,1999,35476.0,-0.9102936267915482,15434.0,-0.9609728220740995
Wyoming,2000,34295.0,-0.033290111624760366,15615.0,0.011727355189840694
Wyoming,2001,34454.0,0.004636244350488372,14726.0,-0.056932436759526084
Wyoming,2002,33585.0,-0.025222035177337898,15523.0,0.05412196115713708
Wyoming,2003,33184.0,-0.01193985410153342,15010.0,-0.033047735618115026
Wyoming,2004,35427.0,0.06759281581485044,16130.0,0.07461692205196546
Wyoming,2005,37911.0,0.0701160132102634,17142.0,0.06274023558586483
Wyoming,2006,42376.0,0.11777584342275338,19300.0,0.12588962781472413
Wyoming,2007,42770.0,0.009297715688125319,19759.0,0.02378238341968908
Wyoming,2008,49255.0,0.15162497077390702,21635.0,0.09494407611721245
Wyoming,2009,51395.0,0.04344736574967012,28448.0,0.31490640166397044
Wyoming,2010,47709.0,-0.07171903881700559,23253.0,-0.1826138920134983
Wyoming,2011,52224.0,0.09463623215745454,25311.0,0.08850470906979746
Wyoming,2012,63356.0,0.21315870098039214,28243.0,0.11583896329659038
Wyoming,2013,70671.0,0.11545867794684006,39470.0,0.3975144283539285
Wyoming,2014,63063.0,-0.10765377594770131,31074.0,-0.21271852039523687
Wyoming,2015,62339.0,-0.011480582909154324,29108.0,-0.06326832721889686
Wyoming,2016,63594.0,0.020131859670511343,31026.0,0.06589253813384643
Wyoming,2017,54711.0,-0.13968298896122278,25946.0,-0.16373364275124092
Wyoming,2018,60150.0,0.09941328069309652,29751.0,0.1466507361442997
Wyoming,2019,61291.0,0.018969243557772186,28858.0,-0.03001579778830965
Wyoming,2020,91384.0,0.4909856259483447,42070.0,0.457827985307367
Wyoming,2021,45201.0,-0.5053729318042546,45201.0,0.07442357974803904
